,Unnamed: 0,Distance,Energy,Full Light Spectrum,Humidity (%),IR Spectrum,Luminosity (lux),Pressure (HP-900),Temperature (deg F),Time,Date,Rain_VAL2,Rain
6132,0,0,0,69,57.2816758860932,27,100.8576,926.578501587225,61.9506316409616,07:15:33 - 2019/05/11,2019-05-11,0,0
6133,0,0,0,92,52.8102804906874,38,121.0944,926.575071432536,64.5082615750565,08:15:33 - 2019/05/11,2019-05-11,0,0
6134,0,0,0,110,47.1133869980296,45,147.696,926.35201743444,67.3921225646536,09:15:33 - 2019/05/11,2019-05-11,0,0
6135,0,0,0,123,40.0381743087802,51,160.5888,926.088634890424,70.8492104791597,10:15:33 - 2019/05/11,2019-05-11,0,0
6136,0,0,0,131,32.647935890684,55,166.464,925.617816063335,74.1170548778216,11:15:33 - 2019/05/11,2019-05-11,0,0
6137,0,0,0,132,25.1346300313008,55,170.544,924.85760199389,77.7455443715631,12:15:33 - 2019/05/11,2019-05-11,0,0
6138,0,0,0,135,22.4821363642558,56,176.0928,923.906603685532,80.9383778883178,13:15:33 - 2019/05/11,2019-05-11,0,0
6139,0,0,0,143,20.0151062917989,59,188.6592,923.223850044855,83.4060067172611,14:15:33 - 2019/05/11,2019-05-11,0,0
6140,0,0,0,152,16.2050178649516,62,205.3056,922.215363643693,83.8417485779964,15:15:33 - 2019/05/11,2019-05-11,0,0
6141,0,0,0,171,14.1368140117733,70,229.296,921.694903172488,83.9436936973148,16:15:34 - 2019/05/11,2019-05-11,0,0
6142,0,0,0,247,14.3884729073447,105,305.184,921.367265204409,84.5588610045297,17:15:34 - 2019/05/11,2019-05-11,0,0
6143,0,0,0,1373,14.5283892222766,643,1299.3984,921.285819333775,86.0478549557832,18:15:34 - 2019/05/11,2019-05-11,0,0
6144,0,0,0,1,18.0801152842788,0,4.08,921.481587040712,80.3389523492081,19:15:34 - 2019/05/11,2019-05-11,0,0
6145,0,0,0,0,44.8005310235254,0,0,924.622294477044,74.1520054333803,20:15:34 - 2019/05/11,2019-05-11,0,0
6146,0,0,0,0,52.7943086878926,0,0,924.764971646644,71.0688122642029,21:15:34 - 2019/05/11,2019-05-11,0,0
6147,0,0,0,0,55.6086784131916,0,0,925.227882364695,69.696451502817,22:15:34 - 2019/05/11,2019-05-11,0,0
6148,0,0,0,0,77.0876739588585,0,0,924.79012528265,64.9206547002501,23:15:34 - 2019/05/11,2019-05-11,0,0
6149,0,0,0,0,79.9266225478708,0,0,925.524731870982,65.0103561655667,00:15:34 - 2019/05/12,2019-05-12,0.15,1
6150,0,0,0,0,84.2304382625457,0,0,925.555919976801,64.6830042994774,01:15:34 - 2019/05/12,2019-05-12,0.15,1
6151,0,0,0,0,85.1840983672362,0,0,925.890666762007,61.9448069765086,02:15:34 - 2019/05/12,2019-05-12,0.15,1
6152,0,0,0,0,82.666727278509,0,0,925.225222504192,60.6266906738281,03:15:34 - 2019/05/12,2019-05-12,0.15,1
6153,0,0,0,0,85.1480345501813,0,0,925.37016937714,61.7916183748573,04:15:35 - 2019/05/12,2019-05-12,0.15,1
6154,0,0,0,0,70.5800959089365,0,0,927.23827865666,61.3314709548916,05:15:35 - 2019/05/12,2019-05-12,0.15,1
6155,0,0,0,33,81.4232640453314,15,34.272,926.702368966831,60.9767505876974,06:15:35 - 2019/05/12,2019-05-12,0.15,1
6156,0,0,0,84,90.6232165980066,38,88.4544,927.708084091981,59.402360482331,07:15:35 - 2019/05/12,2019-05-12,0.15,1
6157,0,0,0,217,84.5878166786223,98,229.6224,927.821411949292,62.2296333079226,08:15:35 - 2019/05/12,2019-05-12,0.15,1
6158,0,0,0,141,59.5765483431879,59,180.4992,927.435005239442,64.974825059864,09:15:35 - 2019/05/12,2019-05-12,0.15,0
6159,0,0,0,324,50.3290099528019,144,358.3872,927.059897362486,68.9904706801113,10:15:35 - 2019/05/12,2019-05-12,0.15,0
6160,0,0,0,389,41.7192079862077,173,429.5424,926.272927216007,72.3112861970429,11:15:35 - 2019/05/12,2019-05-12,0.15,0
6161,0,0,0,153,36.7247038760304,64,196.0032,925.342815580389,75.209845734081,12:15:35 - 2019/05/12,2019-05-12,0.15,0
6162,0,0,0,394,31.7210442693852,174,443.2512,924.90100444965,77.8981651913139,13:15:35 - 2019/05/12,2019-05-12,0.15,0
6163,0,0,0,133,32.5750672045669,59,147.8592,924.760296336146,74.9331522724099,14:15:35 - 2019/05/12,2019-05-12,0.15,0
6164,0,0,0,141,57.0511517817939,61,167.1168,926.379351796317,70.9523126072697,15:15:35 - 2019/05/12,2019-05-12,0.15,0
6165,0,0,0,286,54.2906773661807,125,330.48,925.807087936384,70.6523263674277,16:15:35 - 2019/05/12,2019-05-12,0.15,0
6166,0,0,0,304,40.6404087623427,139,310.2432,925.868322055829,73.5467793537167,17:15:36 - 2019/05/12,2019-05-12,0.15,0
6167,0,0,0,28,45.2039828116167,12,33.9456,926.4529338193,70.17584448467,18:15:36 - 2019/05/12,2019-05-12,0.15,0
6168,0,0,0,1,50.0336806748411,0,4.08,926.26260065786,67.2010674068995,19:15:36 - 2019/05/12,2019-05-12,0.15,0
6169,0,0,0,0,57.6156081704055,0,0,926.834049579382,67.3210593400182,20:15:36 - 2019/05/12,2019-05-12,0.15,0
6170,0,0,0,0,63.6224322313899,0,0,927.037181656572,65.6831187023839,21:15:36 - 2019/05/12,2019-05-12,0.15,0
6171,0,0,0,0,70.1500180467994,0,0,927.418717702897,63.7487153396767,22:15:36 - 2019/05/12,2019-05-12,0.15,1
6172,0,0,0,0,77.2469429542396,0,0,927.807069177228,61.7089082381322,23:15:36 - 2019/05/12,2019-05-12,0.15,1
6173,0,0,0,0,80.2889367752329,0,0,928.048047649978,60.486899899767,00:15:36 - 2019/05/13,2019-05-13,0.01,1
6174,0,0,0,0,81.6806714000633,0,0,927.755675145724,60.0011278763847,01:15:36 - 2019/05/13,2019-05-13,0.01,1
6175,0,0,0,0,79.1054467853687,0,0,928.008792138178,59.1489916622696,02:15:36 - 2019/05/13,2019-05-13,0.01,1
6176,0,0,0,0,83.9894614754155,0,0,928.170863420695,58.2805511276052,03:15:36 - 2019/05/13,2019-05-13,0.01,1
6177,0,0,0,0,82.879650069944,0,0,928.063097372544,57.7033406531039,04:15:37 - 2019/05/13,2019-05-13,0.01,1
6178,0,0,0,0,85.1714397615565,0,0,928.750907585141,56.9397484513077,05:15:37 - 2019/05/13,2019-05-13,0.01,1
6179,0,0,0,37,79.4871362930701,14,57.2832,929.041912228948,57.7534314925485,06:15:37 - 2019/05/13,2019-05-13,0.01,1
6180,0,0,0,64,70.9384910339344,25,93.84,929.557375045089,59.9807417914156,07:15:37 - 2019/05/13,2019-05-13,0.01,1
6181,0,0,0,87,66.3164579851668,35,120.768,929.712882345393,62.3012768179987,08:15:37 - 2019/05/13,2019-05-13,0.01,1
6182,0,0,0,104,56.5405172395948,42,143.2896,929.492905552189,65.4693488385082,09:15:37 - 2019/05/13,2019-05-13,0.01,0
6183,0,0,0,116,48.610100109512,47,158.7936,929.080214149408,69.2182248909969,10:15:37 - 2019/05/13,2019-05-13,0.01,0
6184,0,0,0,120,42.0553262309086,50,155.04,928.531206842823,73.4757134912129,11:15:37 - 2019/05/13,2019-05-13,0.01,0
6185,0,0,0,125,36.0740015359425,52,162.0576,927.821977319464,77.2218579701997,12:15:37 - 2019/05/13,2019-05-13,0.01,0
6186,0,0,0,133,32.7528789483422,54,181.3152,927.072813859074,79.1954478306948,13:15:37 - 2019/05/13,2019-05-13,0.01,0
6187,0,0,0,169,30.613007270125,69,227.8272,926.423766155127,81.4137256288483,14:15:37 - 2019/05/13,2019-05-13,0.01,0
6188,0,0,0,146,27.9040621482072,59,200.8992,925.644993543992,83.188136216249,15:15:37 - 2019/05/13,2019-05-13,0.01,0
6189,0,0,0,163,26.480503873593,65,230.112,925.453296776354,83.6710634613831,16:15:38 - 2019/05/13,2019-05-13,0.01,0
6190,0,0,0,219,24.2985227437511,90,291.312,925.067393765375,84.8431436371358,17:15:38 - 2019/05/13,2019-05-13,0.01,0
6191,0,0,0,2038,20.9310930110845,956,1918.2528,925.093915067854,90.710659585201,18:15:38 - 2019/05/13,2019-05-13,0.01,0
6192,0,0,0,14,24.9481657506233,7,10.2816,925.70719886899,83.5102817374763,19:15:38 - 2019/05/13,2019-05-13,0.01,0
6193,0,0,0,0,30.2742632240568,0,0,926.15731907464,79.667877931573,20:15:38 - 2019/05/13,2019-05-13,0.01,0
6194,0,0,0,0,36.6170445032594,0,0,926.624158050365,76.0119681259731,21:15:38 - 2019/05/13,2019-05-13,0.01,0
6195,0,0,0,0,38.8152102126977,0,0,926.791708109741,73.3749398203724,22:15:38 - 2019/05/13,2019-05-13,0.01,0
6196,0,0,0,0,42.7914940026729,0,0,927.198266708969,71.605294240755,23:15:38 - 2019/05/13,2019-05-13,0.01,0
6197,0,0,0,0,47.7937060421615,0,0,927.403247508636,69.319578527888,00:15:38 - 2019/05/14,2019-05-14,0,0
6198,0,0,0,0,54.412274530735,0,0,927.279031995216,67.1824278911007,01:15:38 - 2019/05/14,2019-05-14,0,0
6199,0,0,0,0,55.0188623878739,0,0,927.377123338748,66.1700723368555,02:15:38 - 2019/05/14,2019-05-14,0,0
6200,0,0,0,0,57.2485184654594,0,0,927.613416360904,65.6866135798325,03:15:38 - 2019/05/14,2019-05-14,0,0
6201,0,0,0,0,60.9677162569103,0,0,928.073461334837,64.003838610392,04:15:38 - 2019/05/14,2019-05-14,0,0
6202,0,0,0,1,58.1123775254705,0,4.08,928.206076742715,63.8890913373146,05:15:38 - 2019/05/14,2019-05-14,0,0
6203,0,0,0,39,62.882734349868,14,65.4432,929.015388880969,62.9291781740877,06:15:38 - 2019/05/14,2019-05-14,0,0
6204,0,0,0,67,56.5413537750235,26,99.3888,929.172644763353,65.9708638589799,07:15:38 - 2019/05/14,2019-05-14,0,0
6205,0,0,0,90,47.3164605201163,36,126.3168,929.459404106014,69.832172583025,08:15:39 - 2019/05/14,2019-05-14,0,0
6206,0,0,0,109,40.7071017068798,44,150.3072,929.410448944001,73.6825035855899,09:15:39 - 2019/05/14,2019-05-14,0,0
6207,0,0,0,143,34.6941720218617,60,181.968,929.060380829896,78.2680673792344,10:15:39 - 2019/05/14,2019-05-14,0,0
6208,0,0,0,191,29.4263805781792,81,237.2928,928.564641302717,82.2514128311235,11:15:39 - 2019/05/14,2019-05-14,0,0
6209,0,0,0,205,25.4654173034602,88,247.5744,927.580106300983,86.3857349434814,12:15:39 - 2019/05/14,2019-05-14,0,0
6210,0,0,0,192,22.3657733479298,81,241.3728,926.700455508589,88.4817713515354,13:15:39 - 2019/05/14,2019-05-14,0,0
6211,0,0,0,132,18.4936312002199,53,183.9264,925.92966740397,90.2766473741056,14:15:39 - 2019/05/14,2019-05-14,0,0
6212,0,0,0,152,18.1378386266927,61,211.9968,924.977977008385,92.2824341173174,15:15:39 - 2019/05/14,2019-05-14,0,0
6213,0,0,0,169,15.3316410737662,68,234.5184,924.43377099214,92.9250133917846,16:15:39 - 2019/05/14,2019-05-14,0,0
6214,0,0,0,235,15.3891755273154,98,303.0624,924.268113164309,94.3890314988144,17:15:39 - 2019/05/14,2019-05-14,0,0
6215,0,0,0,2128,13.6982418204456,993,2037.8784,924.104165840061,98.3308173881787,18:15:39 - 2019/05/14,2019-05-14,0,0
6216,0,0,0,12,17.7845291043887,5,15.504,924.405134245124,90.2352851958172,19:15:39 - 2019/05/14,2019-05-14,0,0
6217,0,0,0,0,21.6871064020152,0,0,924.78682546015,85.9342575283405,20:15:40 - 2019/05/14,2019-05-14,0,0
6218,0,0,0,0,23.0011555659817,0,0,925.109879118691,83.5411564767133,21:15:40 - 2019/05/14,2019-05-14,0,0
6219,0,0,0,0,23.7914029984702,0,0,925.4373760023,82.2607334357588,22:15:40 - 2019/05/14,2019-05-14,0,0
6220,0,0,0,0,30.3778706272548,0,0,925.608659188625,78.8855437360032,23:15:40 - 2019/05/14,2019-05-14,0,0
6221,0,0,0,0,29.381819303832,0,0,926.169011872528,77.6826320134681,00:15:40 - 2019/05/15,2019-05-15,0,0
6222,0,0,0,0,30.276374087538,0,0,926.316564880413,76.9445786320311,01:15:40 - 2019/05/15,2019-05-15,0,0
6223,0,0,0,0,38.8095046054003,0,0,926.208416892403,72.5978778489822,02:15:40 - 2019/05/15,2019-05-15,0,0
6224,0,0,0,0,43.8178909781092,0,0,926.629704973547,70.156039643877,03:15:40 - 2019/05/15,2019-05-15,0,0
6225,0,0,0,0,48.9611722592776,0,0,926.650970260427,67.5919152364518,04:15:40 - 2019/05/15,2019-05-15,0,0
6226,0,0,0,1,45.841247317251,0,4.08,926.691297352953,68.3840984623316,05:15:40 - 2019/05/15,2019-05-15,0,0
6227,0,0,0,39,50.724050050033,15,58.752,927.140459472258,67.2744605207264,06:15:40 - 2019/05/15,2019-05-15,0,0
6228,0,0,0,68,45.4428520367608,27,96.7776,927.320185732026,70.45078251887,07:15:41 - 2019/05/15,2019-05-15,0,0
6229,0,0,0,92,40.0046519914912,37,127.7856,927.148985445893,73.6539607121512,08:15:41 - 2019/05/15,2019-05-15,0,0
6230,0,0,0,114,34.2850566789108,47,150.6336,926.862152152889,77.7333114111752,09:15:41 - 2019/05/15,2019-05-15,0,0
6231,0,0,0,159,30.338195344119,67,200.4096,926.610810149419,81.9449982454394,10:15:41 - 2019/05/15,2019-05-15,0,0
6232,0,0,0,136,25.6719783466408,57,173.4816,925.972198178544,86.1905800390229,11:15:41 - 2019/05/15,2019-05-15,0,0
6233,0,0,0,186,19.1566011083787,80,223.584,925.23062638477,89.6841788469502,12:15:41 - 2019/05/15,2019-05-15,0,0
6234,0,0,0,175,14.2332655950446,74,218.8512,924.220295077754,94.2521251591319,13:15:41 - 2019/05/15,2019-05-15,0,0
6235,0,0,0,394,11.9459517821015,174,443.2512,923.378287613525,97.1825280864677,14:15:41 - 2019/05/15,2019-05-15,0,0
6236,0,0,0,295,8.89544222171604,128,347.1264,922.686379857983,98.0937016958819,15:15:41 - 2019/05/15,2019-05-15,0,0
6237,0,0,0,290,10.3396430476887,125,346.8,922.302954864279,96.9937689620722,16:15:41 - 2019/05/15,2019-05-15,0,0
6238,0,0,0,367,8.71079700107429,166,386.6208,922.159235091927,96.7939408638492,17:15:41 - 2019/05/15,2019-05-15,0,0
6239,0,0,0,1148,8.64244466887329,533,1117.4304,921.989466528954,97.0712533914649,18:15:42 - 2019/05/15,2019-05-15,0,0
6240,0,0,0,6,10.3042557474828,2,11.0976,922.302455401372,91.6282059178327,19:15:42 - 2019/05/15,2019-05-15,0,0
6241,0,0,0,0,17.3103071451621,0,0,923.21162874934,87.4995786746368,20:15:42 - 2019/05/15,2019-05-15,0,0
6242,0,0,0,0,20.394490666191,0,0,924.59125380033,83.7899022270694,21:15:42 - 2019/05/15,2019-05-15,0,0
6243,0,0,0,271,14.9518624143972,117,322.8096,922.649262558731,79.7966168237411,17:13:46 - 2019/05/17,2019-05-17,0,0
6244,0,0,0,2309,12.3123989904065,1094,2100.5472,922.564061653272,84.800035173796,18:13:46 - 2019/05/17,2019-05-17,0,0
6245,0,0,0,30,14.3264326920852,16,16.0752,922.871537950263,76.0574043688679,19:13:46 - 2019/05/17,2019-05-17,0,0
6246,0,0,0,0,17.6299437316645,0,0,923.256908921415,72.6153529657332,20:13:46 - 2019/05/17,2019-05-17,0,0
6247,0,0,0,0,19.29413584103,0,0,923.931579218196,70.9150327343388,21:13:47 - 2019/05/17,2019-05-17,0,0
6248,0,0,0,0,19.881859914695,0,0,924.327913120294,69.2473494929553,22:13:47 - 2019/05/17,2019-05-17,0,0
6249,0,0,0,0,20.0792249596716,0,0,924.412853717955,68.1167362004512,23:13:47 - 2019/05/17,2019-05-17,0,0
6250,0,0,0,0,21.8437724928182,0,0,924.600255639584,66.3751058739768,00:13:47 - 2019/05/18,2019-05-18,0,0
6251,0,0,0,0,24.6230267879498,0,0,924.625039330033,64.2077045198694,01:13:47 - 2019/05/18,2019-05-18,0,0
6252,0,0,0,0,26.3622635246923,0,0,924.701485983136,61.971600434687,02:13:47 - 2019/05/18,2019-05-18,0,0
6253,0,0,0,0,27.9142014076803,0,0,924.606975053286,61.224880025871,03:13:47 - 2019/05/18,2019-05-18,0,0
6254,0,0,0,0,34.0311416102761,0,0,924.999534890929,58.1576534717027,04:13:47 - 2019/05/18,2019-05-18,0,0
6255,0,0,0,1,41.3181087684948,0,4.08,925.179958715262,54.6979179832973,05:13:47 - 2019/05/18,2019-05-18,0,0
6256,0,0,0,40,39.3311600508913,15,62.832,925.601602303334,56.5489257331842,06:13:47 - 2019/05/18,2019-05-18,0,0
6257,0,0,0,68,35.3519062360498,27,96.7776,925.756627000726,60.0774301023764,07:13:47 - 2019/05/18,2019-05-18,0,0
6258,0,0,0,91,32.2485485784608,37,123.7056,925.930523086465,63.0957646472994,08:13:47 - 2019/05/18,2019-05-18,0,0
6259,0,0,0,107,28.4300651152666,44,142.1472,926.146573493805,66.6051864235036,09:13:48 - 2019/05/18,2019-05-18,0,0
6260,0,0,0,120,24.5919758385851,50,155.04,925.938439220627,70.5736892875445,10:13:48 - 2019/05/18,2019-05-18,0,0
6261,0,0,0,125,18.8510558695654,53,155.3664,926.00344861243,73.1401898304322,11:13:48 - 2019/05/18,2019-05-18,0,0
6262,0,0,0,126,16.5750604468767,53,159.4464,925.844105990776,76.1686649649365,12:13:48 - 2019/05/18,2019-05-18,0,0
6263,0,0,0,167,14.6398326914877,72,199.5936,925.5024669177,77.8836021299319,13:13:48 - 2019/05/18,2019-05-18,0,0
6264,0,0,0,276,13.5552292362819,122,309.7536,924.831639646984,79.3952547251441,14:13:48 - 2019/05/18,2019-05-18,0,0
6265,0,0,0,354,12.9822850276646,158,387.1104,924.25630683305,81.1207108678983,15:13:48 - 2019/05/18,2019-05-18,0,0
6266,0,0,0,371,12.6987746832905,164,416.3232,923.62852801438,82.372580732244,16:13:48 - 2019/05/18,2019-05-18,0,0
6267,0,0,0,307,12.330998881434,134,355.9392,923.602990393636,82.2479176045203,17:13:48 - 2019/05/18,2019-05-18,0,0
6268,0,0,0,1511,11.0800135459143,700,1481.04,923.296667303968,84.3141919158478,18:13:48 - 2019/05/18,2019-05-18,0,0
6269,0,0,0,18,13.5813144715434,8,19.9104,923.37810760164,78.9298157140712,19:13:48 - 2019/05/18,2019-05-18,0,0
6270,0,0,0,0,15.4724560664035,0,0,923.937367288612,75.661293952225,20:13:48 - 2019/05/18,2019-05-18,0,0
6271,0,0,0,0,17.4253719517693,0,0,924.234240043966,73.2001879352026,21:13:48 - 2019/05/18,2019-05-18,0,0
6272,0,0,0,0,22.8458164014938,0,0,924.613609902375,69.2712316703786,22:13:49 - 2019/05/18,2019-05-18,0,0
6273,0,0,0,0,23.5299213000158,0,0,924.806733595776,68.1493555382867,23:13:49 - 2019/05/18,2019-05-18,0,0
6274,0,0,0,167,13.685734539063,75,179.52,920.177059236064,80.7624529670647,17:17:33 - 2019/05/19,2019-05-19,0,0
6275,0,0,0,111,15.4809592416413,51,111.6288,920.329182805026,79.5595276291962,18:17:33 - 2019/05/19,2019-05-19,0,0
6276,0,0,0,4,20.1314700250254,2,2.9376,920.892217624272,76.8944819943354,19:17:33 - 2019/05/19,2019-05-19,0,0
6277,0,0,0,0,24.0677303347508,0,0,921.25180281708,74.7554861878045,20:17:33 - 2019/05/19,2019-05-19,0,0
6278,0,0,0,0,24.3983044416563,0,0,921.979141941806,73.6982312934618,21:17:34 - 2019/05/19,2019-05-19,0,0
6279,0,0,0,0,26.5524113132931,0,0,922.180717217727,72.6770983930037,22:17:34 - 2019/05/19,2019-05-19,0,0
6280,0,0,0,0,28.599170357762,0,0,921.97972664055,71.2726868607985,23:17:34 - 2019/05/19,2019-05-19,0,0
6281,0,0,0,0,30.6595709039174,0,0,921.632607079272,70.4257351790831,00:17:34 - 2019/05/20,2019-05-20,0,0
6282,0,0,0,0,32.9981851759632,0,0,921.167832563542,69.1803629160994,01:17:34 - 2019/05/20,2019-05-20,0,0
6283,0,0,0,0,34.5360908536572,0,0,920.534255627412,67.8680139604781,02:17:34 - 2019/05/20,2019-05-20,0,0
6284,0,0,0,0,35.8091435556114,0,0,920.623500046318,66.8940981480016,03:17:34 - 2019/05/20,2019-05-20,0,0
6285,0,0,0,0,39.9231011272195,0,0,920.577162531519,66.0896899397854,04:17:34 - 2019/05/20,2019-05-20,0,0
6286,0,0,0,0,49.8292400332719,0,0,920.686967359198,65.2316976512445,05:17:34 - 2019/05/20,2019-05-20,0,0
6287,0,0,0,94,54.6310330530116,45,82.416,920.992164552128,64.8507574881911,06:17:34 - 2019/05/20,2019-05-20,0,0
6288,0,0,0,126,41.7498165253715,56,139.3728,921.792448809919,61.2318695928875,07:17:34 - 2019/05/20,2019-05-20,0,0
6289,0,0,0,156,44.616086425808,70,168.096,922.725133437057,58.7797145812006,08:17:34 - 2019/05/20,2019-05-20,0,0
6290,0,0,0,286,37.3601522547436,128,310.4064,922.763358640983,61.8708337557575,09:17:34 - 2019/05/20,2019-05-20,0,0
6291,0,0,0,429,35.111201121814,194,452.2272,922.354939225975,63.9246222103376,10:17:35 - 2019/05/20,2019-05-20,0,0
6292,0,0,0,342,28.7889828631984,155,358.224,922.445445406657,65.060449212771,11:17:35 - 2019/05/20,2019-05-20,0,0
6293,0,0,0,444,29.4018099649719,201,466.5888,923.208229150571,65.2439296893324,12:17:35 - 2019/05/20,2019-05-20,0,0
6294,0,0,0,271,34.8706788798011,119,309.4272,923.351597229844,62.3234105915991,13:17:35 - 2019/05/20,2019-05-20,0,0
6295,0,0,0,243,25.6599743801165,109,262.0992,922.75203387898,68.1382882622304,14:17:35 - 2019/05/20,2019-05-20,0,0
6296,0,0,0,425,22.2580431539089,193,442.5984,922.140397325027,70.4513650151891,15:17:35 - 2019/05/20,2019-05-20,0,0
6297,0,0,0,288,23.8611210818168,129,311.8752,922.200567840431,72.0963427831624,16:17:35 - 2019/05/20,2019-05-20,0,0
6298,0,0,0,147,20.5541618225232,63,178.2144,922.224605205879,69.3667604144711,17:17:35 - 2019/05/20,2019-05-20,0,0
6299,0,0,0,2652,21.2612769573632,1259,2395.9392,922.518147671255,70.7024211192443,18:17:35 - 2019/05/20,2019-05-20,0,0
6300,0,0,0,5,23.3934424000922,2,7.0176,923.263863190568,66.2813262985455,19:17:35 - 2019/05/20,2019-05-20,0,0
6301,0,0,0,0,24.5954379919859,0,0,923.795314031626,65.5270142514802,20:17:35 - 2019/05/20,2019-05-20,0,0
6302,0,0,0,0,27.3648981846578,0,0,924.350773935596,63.5460149387032,21:17:35 - 2019/05/20,2019-05-20,0,0
6303,0,0,0,1,30.3798241865526,0,4.08,924.731636922665,61.6063943231185,22:17:35 - 2019/05/20,2019-05-20,0,0
6304,0,0,0,0,35.9107044977746,0,0,924.820109351565,58.1232887406169,23:17:36 - 2019/05/20,2019-05-20,0,0
6305,0,0,0,0,39.0548875951315,0,0,924.847239893017,56.4924283374877,00:17:36 - 2019/05/21,2019-05-21,0.02,0
6306,0,0,0,0,42.8809931192081,0,0,924.74663493559,54.4084450718441,01:17:36 - 2019/05/21,2019-05-21,0.02,0
6307,0,0,0,0,49.1095268979425,0,0,924.661261334726,54.0100566198351,02:17:36 - 2019/05/21,2019-05-21,0.02,0
6308,0,0,0,0,46.123938508607,0,0,924.784299945226,54.1970195022116,03:17:36 - 2019/05/21,2019-05-21,0.02,0
6309,0,0,0,0,45.6454809224736,0,0,924.689676923554,54.2884624840849,04:17:36 - 2019/05/21,2019-05-21,0.02,0
6310,0,0,0,2,48.9871679932101,1,1.4688,924.636774431171,54.1009170597001,05:17:36 - 2019/05/21,2019-05-21,0.02,0
6311,0,0,0,40,48.6105208972786,15,62.832,924.715075835666,55.5506137625388,06:17:36 - 2019/05/21,2019-05-21,0.02,0
6312,0,0,0,65,49.0152251945117,26,91.2288,925.27740941312,58.0609662803808,07:17:36 - 2019/05/21,2019-05-21,0.02,0
6313,0,0,0,88,45.8273584233779,36,118.1568,924.804063653904,60.5358266572806,08:17:36 - 2019/05/21,2019-05-21,0.02,0
6314,0,0,0,109,40.9922698345308,45,143.616,924.339246904361,63.5646540456877,09:17:36 - 2019/05/21,2019-05-21,0.02,0
6315,0,0,0,119,33.0871015431941,50,150.96,923.621537261333,67.3461062107992,10:17:36 - 2019/05/21,2019-05-21,0.02,0
6316,0,0,0,120,27.3465766131363,50,155.04,923.184010475018,70.6132990712685,11:17:37 - 2019/05/21,2019-05-21,0.02,0
6317,0,0,0,120,23.259501747438,50,155.04,922.179526222101,73.0965019037249,12:17:37 - 2019/05/21,2019-05-21,0.02,0
6318,0,0,0,121,20.1308457549759,51,152.4288,921.23140259131,75.2558642703816,13:17:37 - 2019/05/21,2019-05-21,0.02,0
6319,0,0,0,124,18.4748701102652,51,164.6688,920.07689456444,77.4414681952219,14:17:37 - 2019/05/21,2019-05-21,0.02,0
6320,0,0,0,124,14.314943702757,51,164.6688,919.030419446262,80.2370094458963,15:17:37 - 2019/05/21,2019-05-21,0.02,0
6321,0,0,0,137,14.2556925187899,56,184.2528,918.141358391793,80.8760468518232,16:17:37 - 2019/05/21,2019-05-21,0.02,0
6322,0,0,0,301,13.3189620607158,132,344.8416,917.541679376734,82.0166502746436,17:17:37 - 2019/05/21,2019-05-21,0.02,0
6323,0,0,0,2221,13.1039062374562,1023,2216.5824,917.43571479305,86.8511948814838,18:17:37 - 2019/05/21,2019-05-21,0.02,0
6324,0,0,0,13,16.6279127486227,5,19.584,917.781418041688,78.0787472587093,19:17:37 - 2019/05/21,2019-05-21,0.02,0
6325,0,0,0,0,18.1396699605017,0,0,918.401030482505,73.7663847114786,20:17:37 - 2019/05/21,2019-05-21,0.02,0
6326,0,0,0,0,23.0904824853317,0,0,919.029232560694,70.6400939303297,21:17:37 - 2019/05/21,2019-05-21,0.02,0
6327,0,0,0,0,26.1179652171304,0,0,919.621351800948,67.3973649348904,22:17:37 - 2019/05/21,2019-05-21,0.02,0
6328,0,0,0,0,25.1210278936775,0,0,919.583030251744,66.3500591498812,23:17:37 - 2019/05/21,2019-05-21,0.02,0
6329,0,0,0,0,25.1284033605102,0,0,919.297971827111,65.2148057906067,00:17:38 - 2019/05/22,2019-05-22,0,0
6330,0,0,0,0,23.6396116277242,0,0,919.170798522471,64.2350808182336,01:17:38 - 2019/05/22,2019-05-22,0,0
6331,0,0,0,0,25.5466279354741,0,0,918.781208564228,61.6250332120425,02:17:38 - 2019/05/22,2019-05-22,0,0
6332,0,0,0,0,28.8117870979119,0,0,918.555639586208,59.0889986420341,03:17:38 - 2019/05/22,2019-05-22,0,0
6333,0,0,0,0,29.7278798329879,0,0,918.382475674308,58.4290768522949,04:17:38 - 2019/05/22,2019-05-22,0,0
6334,0,0,0,3,28.1307587703326,1,5.5488,918.185141493233,59.0825916217387,05:17:38 - 2019/05/22,2019-05-22,0,0
6335,0,0,0,40,30.2777342820187,15,62.832,918.803902281128,59.6219471062713,06:17:38 - 2019/05/22,2019-05-22,0,0
6336,0,0,0,65,31.9438104350156,26,91.2288,919.381417956596,62.1125573946759,07:17:38 - 2019/05/22,2019-05-22,0,0
6337,0,0,0,90,29.7160468188361,37,119.6256,919.146683136698,64.582235972581,08:17:38 - 2019/05/22,2019-05-22,0,0
6338,0,0,0,110,27.8812620225323,45,147.696,919.263335873877,68.6374813960057,09:17:38 - 2019/05/22,2019-05-22,0,0
6339,0,0,0,120,28.8680099775403,50,155.04,919.559312132982,71.4608342109321,10:17:38 - 2019/05/22,2019-05-22,0,0
6340,0,0,0,148,26.612904942501,63,182.2944,919.65901670692,73.0801917473716,11:17:38 - 2019/05/22,2019-05-22,0,0
6341,0,0,0,146,25.1313354292438,61,187.5168,919.372100025991,75.3508139489318,12:17:38 - 2019/05/22,2019-05-22,0,0
6342,0,0,0,183,25.8444581774173,78,224.7264,919.113884288234,77.0185585781668,13:17:39 - 2019/05/22,2019-05-22,0,0
6343,0,0,0,260,26.5696543098027,113,304.6944,918.576680815674,77.7222434954115,14:17:39 - 2019/05/22,2019-05-22,0,0
6344,0,0,0,161,25.2434157359599,67,208.5696,918.052216873878,78.8820485803433,15:17:39 - 2019/05/22,2019-05-22,0,0
6345,0,0,0,172,23.4815270454832,71,226.6848,917.808251256696,78.8925340475439,16:17:39 - 2019/05/22,2019-05-22,0,0
6346,0,0,0,265,21.8370396344815,114,318.4032,917.644670434273,79.383604170753,17:17:39 - 2019/05/22,2019-05-22,0,0
6347,0,0,0,2503,19.5565196998351,1154,2490.5952,917.397879307539,83.9570922033705,18:17:39 - 2019/05/22,2019-05-22,0,0
6348,0,0,0,17,26.0159997221591,7,22.5216,918.300762081854,71.1614295498691,19:17:39 - 2019/05/22,2019-05-22,0,0
6349,0,0,0,0,28.2625263757991,0,0,919.312748493111,67.6985102589618,20:17:39 - 2019/05/22,2019-05-22,0,0
6350,0,0,0,0,31.175322493618,0,0,920.263598949108,65.8066044169192,21:17:39 - 2019/05/22,2019-05-22,0,0
6351,0,0,0,0,35.2590220573075,0,0,920.857889744734,63.8972459632368,22:17:39 - 2019/05/22,2019-05-22,0,0
6352,0,0,0,0,40.0419099281448,0,0,921.492505423314,61.6984238575504,23:17:39 - 2019/05/22,2019-05-22,0,0
6353,0,0,0,0,41.176206122385,0,0,921.868644548085,60.783955435539,00:17:39 - 2019/05/23,2019-05-23,0,0
6354,0,0,0,0,42.3764739697045,0,0,921.944725254351,60.4886472837153,01:17:39 - 2019/05/23,2019-05-23,0,0
6355,0,0,0,0,43.7262655619159,0,0,922.367886590144,61.4066088640707,02:17:39 - 2019/05/23,2019-05-23,0,0
6356,0,0,0,0,44.251738529731,0,0,922.989298807308,61.7852112501155,03:17:40 - 2019/05/23,2019-05-23,0,0
6357,0,0,0,0,49.1676983514521,0,0,923.655205280715,61.0210177841925,04:17:40 - 2019/05/23,2019-05-23,0,0
6358,0,0,0,2,44.7808753712786,1,1.4688,924.562007077539,59.5800101158349,05:17:40 - 2019/05/23,2019-05-23,0,0
6359,0,0,0,37,46.2267916467984,15,50.592,925.635346734638,59.3487744007432,06:17:40 - 2019/05/23,2019-05-23,0,0
6360,0,0,0,45,47.3202892764509,16,76.5408,926.660816967997,59.6464103555916,07:17:40 - 2019/05/23,2019-05-23,0,0
6361,0,0,0,112,48.3882505501685,47,142.4736,927.342406324541,60.0238438025889,08:17:40 - 2019/05/23,2019-05-23,0,0
6362,0,0,0,245,40.3534782504323,111,256.8768,927.490931955477,63.5862055157507,09:17:40 - 2019/05/23,2019-05-23,0,0
6363,0,0,0,175,35.1454330534215,77,198.7776,927.887012701698,66.6785792735584,10:17:40 - 2019/05/23,2019-05-23,0,0
6364,0,0,0,135,30.8486003614999,57,169.4016,928.216220475546,69.1192012826057,11:17:40 - 2019/05/23,2019-05-23,0,0
6365,0,0,0,131,27.3535350803383,55,166.464,928.095303724223,70.5101971539625,12:17:40 - 2019/05/23,2019-05-23,0,0
6366,0,0,0,123,22.2584716298534,51,160.5888,927.874578881222,73.962107503571,13:17:40 - 2019/05/23,2019-05-23,0,0
6367,0,0,0,122,20.9502170611941,50,163.2,927.316561714904,74.2551096151999,14:17:41 - 2019/05/23,2019-05-23,0,0
6368,0,0,0,127,19.7337467341709,52,170.2176,926.663818692754,74.8428629269362,15:17:41 - 2019/05/23,2019-05-23,0,0
6369,0,0,0,139,20.1803884455416,56,192.4128,926.271133933778,75.5214905016813,16:17:41 - 2019/05/23,2019-05-23,0,0
6370,0,0,0,218,18.7975377769633,92,273.8496,926.038425832651,77.0639950968785,17:17:41 - 2019/05/23,2019-05-23,0,0
6371,0,0,0,2754,13.7739223204889,1282,2658.2016,925.850400664366,86.9816870134604,18:17:41 - 2019/05/23,2019-05-23,0,0
6372,0,0,0,26,18.5702639250951,12,25.7856,925.88650617414,74.5719951854983,19:17:41 - 2019/05/23,2019-05-23,0,0
6373,0,0,0,0,20.7365375332661,0,0,926.233911412387,70.8760053763446,20:17:41 - 2019/05/23,2019-05-23,0,0
6374,0,0,0,0,22.6121233845016,0,0,926.657505984212,69.0661945518273,21:17:41 - 2019/05/23,2019-05-23,0,0
6375,0,0,0,0,24.3175751489339,0,0,927.024575084151,67.6047299349873,22:17:41 - 2019/05/23,2019-05-23,0,0
6376,0,0,0,0,27.4985061962791,0,0,926.938052719584,64.6527155473828,23:17:41 - 2019/05/23,2019-05-23,0,0
6377,0,0,0,0,32.2655657473098,0,0,926.937534273752,61.3914647866123,00:17:41 - 2019/05/24,2019-05-24,0,0
6378,0,0,0,0,36.1276220379218,0,0,926.515829090106,58.3312245951916,01:17:42 - 2019/05/24,2019-05-24,0,0
6379,0,0,0,0,38.3349602916536,0,0,926.306965191133,56.6327981911701,02:17:42 - 2019/05/24,2019-05-24,0,0
6380,0,0,0,0,42.6312893868438,0,0,926.559045727974,54.1935248669624,03:17:42 - 2019/05/24,2019-05-24,0,0
6381,0,0,0,0,45.3746683318706,0,0,926.720316024573,52.6937507059618,04:17:42 - 2019/05/24,2019-05-24,0,0
6382,0,0,0,4,46.8311644832055,1,9.6288,926.843408744395,51.4124010062504,05:17:42 - 2019/05/24,2019-05-24,0,0
6383,0,0,0,41,45.2985070400996,16,60.2208,927.19688261034,53.1049495724289,06:17:42 - 2019/05/24,2019-05-24,0,0
6384,0,0,0,65,38.9267737866609,26,91.2288,927.396374877974,57.2775691288965,07:17:42 - 2019/05/24,2019-05-24,0,0
6385,0,0,0,89,35.626675673402,36,122.2368,927.613863147241,61.3262287764522,08:17:42 - 2019/05/24,2019-05-24,0,0
6386,0,0,0,106,28.9903993770517,44,138.0672,927.537678221526,66.1846343694798,09:17:42 - 2019/05/24,2019-05-24,0,0
6387,0,0,0,115,25.0824484894918,48,148.0224,927.03977421015,71.3583142661213,10:17:42 - 2019/05/24,2019-05-24,0,0
6388,0,0,0,118,19.2453598426454,49,153.5712,926.48785546727,76.3539052852619,11:17:42 - 2019/05/24,2019-05-24,0,0
6389,0,0,0,119,13.7587823875426,50,150.96,925.746817750344,80.0570075582143,12:17:42 - 2019/05/24,2019-05-24,0,0
6390,0,0,0,121,11.9176802876907,50,159.12,925.055761437134,82.4681170243959,13:17:43 - 2019/05/24,2019-05-24,0,0
6391,0,0,0,123,10.8994075500179,51,160.5888,924.346728363721,85.5742415800651,14:17:43 - 2019/05/24,2019-05-24,0,0
6392,0,0,0,127,11.0394782932376,52,170.2176,923.538232093793,85.9330924269238,15:17:43 - 2019/05/24,2019-05-24,0,0
6393,0,0,0,139,10.9060550739127,56,192.4128,922.837621248903,86.3379656620587,16:17:43 - 2019/05/24,2019-05-24,0,0
6394,0,0,0,217,10.1918484307812,92,269.7696,922.520404228295,86.1882498325959,17:17:43 - 2019/05/24,2019-05-24,0,0
6395,0,0,0,2795,8.93695329060371,1297,2725.1136,922.302443506194,92.3156407821924,18:17:43 - 2019/05/24,2019-05-24,0,0
6396,0,0,0,28,12.0771888816178,13,27.2544,922.729607844965,83.4124146775064,19:17:43 - 2019/05/24,2019-05-24,0,0
6397,0,0,0,0,14.6542118100659,0,0,923.080779118375,78.3309799594416,20:17:43 - 2019/05/24,2019-05-24,0,0
6398,0,0,0,0,15.998314217828,0,0,923.280655683119,76.214101250768,21:17:43 - 2019/05/24,2019-05-24,0,0
6399,0,0,0,0,17.9266336598302,0,0,923.768241547919,73.1809652390777,22:17:43 - 2019/05/24,2019-05-24,0,0
6400,0,0,0,0,22.046948178762,0,0,923.816985682542,68.3176947230608,23:17:43 - 2019/05/24,2019-05-24,0,0
6401,0,0,0,0,24.6818610061945,0,0,923.911638027875,65.6207934002549,00:17:43 - 2019/05/25,2019-05-25,0,0
6402,0,0,0,0,25.1553397473192,0,0,923.832515859412,64.2216839057033,01:17:44 - 2019/05/25,2019-05-25,0,0
6403,0,0,0,0,27.1887545039262,0,0,923.907217714769,61.9494667080547,02:17:44 - 2019/05/25,2019-05-25,0,0
6404,0,0,0,0,26.9761284766921,0,0,924.012661148631,61.4869889906601,03:17:44 - 2019/05/25,2019-05-25,0,0
6405,0,0,0,0,28.602204507627,0,0,924.186713448993,60.295852699173,04:17:44 - 2019/05/25,2019-05-25,0,0
6406,0,0,0,4,34.768209450926,1,9.6288,924.675848700048,56.975277835006,05:17:44 - 2019/05/25,2019-05-25,0,0
6407,0,0,0,41,30.7841964899364,16,60.2208,924.865583415608,59.6603893568238,06:17:44 - 2019/05/25,2019-05-25,0,0
6408,0,0,0,66,27.9325939473533,27,88.6176,925.045113263214,62.8482148786706,07:17:44 - 2019/05/25,2019-05-25,0,0
6409,0,0,0,91,26.1296132729137,37,123.7056,925.264800065748,66.9896255224961,08:17:44 - 2019/05/25,2019-05-25,0,0
6410,0,0,0,108,22.8682050610857,45,139.536,925.259376512909,71.5295692094264,09:17:44 - 2019/05/25,2019-05-25,0,0
6411,0,0,0,119,19.946337545094,49,157.6512,925.090137368218,76.2222564828761,10:17:44 - 2019/05/25,2019-05-25,0,0
6412,0,0,0,121,16.0364075459198,50,159.12,924.65411390789,80.1443870909386,11:17:44 - 2019/05/25,2019-05-25,0,0
6413,0,0,0,123,13.5460984757879,51,160.5888,924.138345719062,84.2308879989815,12:17:45 - 2019/05/25,2019-05-25,0,0
6414,0,0,0,125,12.465759416406,52,162.0576,923.504860361859,85.7827944127927,13:17:45 - 2019/05/25,2019-05-25,0,0
6415,0,0,0,126,8.85667965954034,52,166.1376,922.833867781984,89.3760028392343,14:17:45 - 2019/05/25,2019-05-25,0,0
6416,0,0,0,130,9.13083600409857,53,175.7664,922.098003985921,91.4318797042271,15:17:45 - 2019/05/25,2019-05-25,0,0
6417,0,0,0,140,8.27525989768259,57,189.8016,921.608276274424,92.1490249517618,16:17:45 - 2019/05/25,2019-05-25,0,0
6418,0,0,0,225,8.29930125687605,95,282.336,921.214100296029,92.4082699351416,17:17:45 - 2019/05/25,2019-05-25,0,0
6419,0,0,0,2823,4.90635818951135,1301,2812.5888,920.803004635426,104.384664767761,18:17:45 - 2019/05/25,2019-05-25,0,0
6420,0,0,0,31,8.06122701098979,14,32.8032,921.163768048916,90.9238794230799,19:17:45 - 2019/05/25,2019-05-25,0,0
6421,0,0,0,0,9.59086908954469,0,0,921.794862380977,85.4385076147436,20:17:45 - 2019/05/25,2019-05-25,0,0
6422,0,0,0,0,12.4787242018817,0,0,922.520590844225,80.5300226453669,21:17:45 - 2019/05/25,2019-05-25,0,0
6423,0,0,0,0,15.0081264415048,0,0,923.049704654935,75.8744944412417,22:17:45 - 2019/05/25,2019-05-25,0,0
6424,0,0,0,0,20.2781229458498,0,0,922.987390025318,74.4327751636684,23:17:45 - 2019/05/25,2019-05-25,0,0
6425,0,0,0,0,25.3715870574158,0,0,923.053218066332,72.6351581002775,00:17:46 - 2019/05/26,2019-05-26,0,0
6426,0,0,0,0,25.1403689215852,0,0,923.078640467844,69.8770246382468,01:17:46 - 2019/05/26,2019-05-26,0,0
6427,0,0,0,0,26.8172633384497,0,0,922.74218549517,66.2603569597428,02:17:46 - 2019/05/26,2019-05-26,0,0
6428,0,0,0,0,27.7084829580735,0,0,922.250098699393,67.0950551887271,03:17:46 - 2019/05/26,2019-05-26,0,0
6429,0,0,0,0,32.0646321850576,0,0,922.073164252164,66.5603352533524,04:17:46 - 2019/05/26,2019-05-26,0,0
6430,0,0,0,4,36.150690539328,1,9.6288,922.115469232342,63.917632529797,05:17:46 - 2019/05/26,2019-05-26,0,0
6431,0,0,0,41,33.9909824235568,16,60.2208,922.921343824993,63.5722261834987,06:17:46 - 2019/05/26,2019-05-26,0,0
6432,0,0,0,67,34.4100068188239,27,92.6976,922.837889978231,67.7788934360156,07:17:46 - 2019/05/26,2019-05-26,0,0
6433,0,0,0,92,31.4183912739973,38,121.0944,923.229424399245,72.0619751628779,08:17:46 - 2019/05/26,2019-05-26,0,0
6434,0,0,0,112,27.1986087791986,46,149.1648,923.218649458724,75.5564413532669,09:17:46 - 2019/05/26,2019-05-26,0,0
6435,0,0,0,77,23.5601924318895,30,113.424,923.555179357987,78.5867081932057,10:17:46 - 2019/05/26,2019-05-26,0,0
6436,0,0,0,127,20.5110828744977,53,163.5264,924.385237465546,80.2783691305419,11:17:47 - 2019/05/26,2019-05-26,0,0
6437,0,0,0,123,20.4797407082003,52,153.8976,924.770593739125,80.6587622068594,12:17:47 - 2019/05/26,2019-05-26,0,0
6438,0,0,0,125,18.7957746881228,52,162.0576,924.44388498695,82.4209314098079,13:17:47 - 2019/05/26,2019-05-26,0,0
6439,0,0,0,125,15.6025341924422,52,162.0576,924.398678069576,82.8572532220645,14:17:47 - 2019/05/26,2019-05-26,0,0
6440,0,0,0,128,13.8349026387018,52,174.2976,923.866231223513,83.8528169022039,15:17:47 - 2019/05/26,2019-05-26,0,0
6441,0,0,0,139,12.9407492888954,56,192.4128,923.493244963627,84.0910773234664,16:17:47 - 2019/05/26,2019-05-26,0,0
6442,0,0,0,224,14.216408067319,94,284.9472,923.526129410814,85.5357933210999,17:17:47 - 2019/05/26,2019-05-26,0,0
6443,0,0,0,2817,10.5557636847426,1296,2821.5648,923.438236195019,94.7228504092887,18:17:47 - 2019/05/26,2019-05-26,0,0
6444,0,0,0,29,14.5348505280825,13,31.3344,923.583883265211,82.5776343050606,19:17:47 - 2019/05/26,2019-05-26,0,0
6445,0,0,0,0,18.685878316179,0,0,923.821058920935,77.9401068152403,20:17:47 - 2019/05/26,2019-05-26,0,0
6446,0,0,0,0,20.7365337678396,0,0,924.443613911933,75.830223278895,21:17:47 - 2019/05/26,2019-05-26,0,0
6447,0,0,0,0,23.2991619692069,0,0,925.074539048074,73.6335729484174,22:17:47 - 2019/05/26,2019-05-26,0,0
6448,0,0,0,0,27.9032885857186,0,0,924.619272875141,69.0650295689236,23:17:48 - 2019/05/26,2019-05-26,0,0
6449,0,0,0,0,31.8865313440546,0,0,924.663286009501,66.140365794268,00:17:48 - 2019/05/27,2019-05-27,0,0
6450,0,0,0,0,31.9019957347345,0,0,924.56638761993,65.5532258094613,01:17:48 - 2019/05/27,2019-05-27,0,0
6451,0,0,0,0,30.8591108304312,0,0,924.111090305539,64.93288671539,02:17:48 - 2019/05/27,2019-05-27,0,0
6452,0,0,0,0,34.2079031515919,0,0,923.842838976867,62.7666691534677,03:17:48 - 2019/05/27,2019-05-27,0,0
6453,0,0,0,0,36.4984459012157,0,0,924.032597571773,61.775309330547,04:17:48 - 2019/05/27,2019-05-27,0,0
6454,0,0,0,4,36.8592129073715,1,9.6288,924.73697622423,60.8445315316994,05:17:48 - 2019/05/27,2019-05-27,0,0
6455,0,0,0,41,42.1851336304856,16,60.2208,925.209969079886,60.3127440586462,06:17:48 - 2019/05/27,2019-05-27,0,0
6456,0,0,0,65,40.9173630415596,26,91.2288,925.359170945822,63.9473386741295,07:17:48 - 2019/05/27,2019-05-27,0,0
6457,0,0,0,89,41.3167261603041,36,122.2368,925.751637029307,65.3307189378731,08:17:48 - 2019/05/27,2019-05-27,0,0
6458,0,0,0,107,35.3502185021454,44,142.1472,925.712034475425,67.8016104278981,09:17:48 - 2019/05/27,2019-05-27,0,0
6459,0,0,0,117,35.5532496859842,48,156.1824,925.428276852541,69.5636429996858,10:17:48 - 2019/05/27,2019-05-27,0,0
6460,0,0,0,118,32.5172363173616,49,153.5712,925.323595677551,72.3584689349458,11:17:49 - 2019/05/27,2019-05-27,0,0
6461,0,0,0,130,32.4337957066301,54,169.0752,925.304526637405,73.8409457478917,12:17:49 - 2019/05/27,2019-05-27,0,0
6462,0,0,0,88,31.5986698218146,33,138.2304,925.011205074066,74.2149164519506,13:17:49 - 2019/05/27,2019-05-27,0,0
6463,0,0,0,145,30.4651522618294,60,190.128,924.53054009257,75.4183855324253,14:17:49 - 2019/05/27,2019-05-27,0,0
6464,0,0,0,119,27.0056757748645,47,171.0336,924.100532977376,76.5560388268784,15:17:49 - 2019/05/27,2019-05-27,0,0
6465,0,0,0,147,25.056930799852,60,198.288,923.785213195901,77.3983616559627,16:17:49 - 2019/05/27,2019-05-27,0,0
6466,0,0,0,237,23.6880966458421,101,291.1488,923.55267779768,77.7507870691484,17:17:49 - 2019/05/27,2019-05-27,0,0
6467,0,0,0,2809,18.0518714280917,1302,2748.7776,923.429543996431,83.7310653765511,18:17:49 - 2019/05/27,2019-05-27,0,0
6468,0,0,0,31,20.7273661371079,15,26.112,923.759736698368,75.2506216516774,19:17:49 - 2019/05/27,2019-05-27,0,0
6469,0,0,0,4,21.5666967875392,2,2.9376,923.853187351663,73.2782437544854,19:35:36 - 2019/05/27,2019-05-27,0,0
6470,0,0,0,2,24.2827931948499,0,8.16,924.068228226988,70.8422205066931,20:35:36 - 2019/05/27,2019-05-27,0,0
6471,0,0,0,0,24.5433802423872,0,0,924.466784298188,69.2269622710473,21:35:36 - 2019/05/27,2019-05-27,0,0
6472,0,0,0,0,24.3466728112468,0,0,924.533789762885,67.19873746731,22:35:36 - 2019/05/27,2019-05-27,0,0
6473,0,0,0,0,23.0563395758508,0,0,924.404496985386,66.6354755322875,23:35:36 - 2019/05/27,2019-05-27,0,0
6474,0,0,0,0,22.9715128399096,0,0,924.17222662445,65.8788319529565,00:35:36 - 2019/05/28,2019-05-28,0,0
6475,0,0,0,0,28.1566435036724,0,0,924.23980205324,62.8854929378363,01:35:36 - 2019/05/28,2019-05-28,0,0
6476,0,0,0,0,32.2099200595684,0,0,924.099901396585,60.7356110669841,02:35:36 - 2019/05/28,2019-05-28,0,0
6477,0,0,0,0,33.749405927471,0,0,924.450242938725,59.1880162599021,03:35:36 - 2019/05/28,2019-05-28,0,0
6478,0,0,0,0,35.7259659658781,0,0,924.752990245214,58.1762919728982,04:35:36 - 2019/05/28,2019-05-28,0,0
6479,0,0,0,14,40.9306548877314,5,23.664,925.007905869516,54.9378838383556,05:35:36 - 2019/05/28,2019-05-28,0,0
6480,0,0,0,51,39.2730080483494,20,74.256,925.14666392602,57.0539084653462,06:35:37 - 2019/05/28,2019-05-28,0,0
6481,0,0,0,75,34.2399834172036,30,105.264,925.21653698435,60.327888037568,07:35:37 - 2019/05/28,2019-05-28,0,0
6482,0,0,0,169,30.3148853361,73,201.0624,925.171227623913,64.4733130522731,08:35:37 - 2019/05/28,2019-05-28,0,0
6483,0,0,0,195,26.4899939345632,85,226.848,924.754437867632,67.9536396075351,09:35:37 - 2019/05/28,2019-05-28,0,0
6484,0,0,0,299,22.9242578009043,133,329.9904,924.612876004782,72.3485663839023,10:35:37 - 2019/05/28,2019-05-28,0,0
6485,0,0,0,291,19.583888180827,130,317.424,924.05501583369,74.8183974353382,11:35:37 - 2019/05/28,2019-05-28,0,0
6486,0,0,0,398,17.3364279536304,179,426.1152,923.252589940898,77.3470998400789,12:35:37 - 2019/05/28,2019-05-28,0,0
6487,0,0,0,497,15.2975954742373,224,528.9312,922.49272435414,80.4391477209594,13:35:37 - 2019/05/28,2019-05-28,0,0
6488,0,0,0,406,15.1141805467535,182,438.6816,921.983240412875,80.1863292830008,14:35:37 - 2019/05/28,2019-05-28,0,0
6489,0,0,0,373,14.8814995624179,169,391.0272,921.056203608149,80.8195411660888,15:35:37 - 2019/05/28,2019-05-28,0,0
6490,0,0,0,308,15.7323674166112,139,326.5632,920.755520545012,78.4457372274085,16:35:38 - 2019/05/28,2019-05-28,0,0
6491,0,0,0,372,14.956251878951,172,366.8736,920.553415767921,79.4657405966665,17:35:38 - 2019/05/28,2019-05-28,0,0
6492,0,0,0,2004,13.574840694587,947,1839.7536,920.451463799203,82.8164754339695,18:35:38 - 2019/05/28,2019-05-28,0,0
6493,0,0,0,3,16.2480096528341,1,5.5488,920.734616385273,75.68342950937,19:35:38 - 2019/05/28,2019-05-28,0,0
6494,0,0,0,0,17.0354425766217,0,0,921.336979789333,74.0360861190796,20:35:38 - 2019/05/28,2019-05-28,0,0
6495,0,0,0,0,18.0388171072461,0,0,922.024131469101,72.929905382187,21:35:38 - 2019/05/28,2019-05-28,0,0
6496,0,0,0,0,21.3961529318322,0,0,922.67307647859,68.7930062850053,22:35:38 - 2019/05/28,2019-05-28,0,0
6497,0,0,0,0,20.7900449033044,0,0,922.660739914437,68.955521212522,23:35:38 - 2019/05/28,2019-05-28,0,0
6498,0,0,0,0,24.5678855597863,0,0,922.873584775227,65.2037387104324,00:35:38 - 2019/05/29,2019-05-29,0,0
6499,0,0,0,0,27.6136488569699,0,0,922.683793993394,63.3823403704876,01:35:38 - 2019/05/29,2019-05-29,0,0
6500,0,0,0,0,27.0851233642274,0,0,922.263548059765,62.7457002591841,02:35:38 - 2019/05/29,2019-05-29,0,0
6501,0,0,0,0,31.4602689218479,0,0,922.521060656798,59.600978609727,03:35:38 - 2019/05/29,2019-05-29,0,0
6502,0,0,0,0,33.0350362189423,0,0,922.62220000876,58.4593644673892,04:35:38 - 2019/05/29,2019-05-29,0,0
6503,0,0,0,14,36.6990085829224,5,23.664,923.314460498102,56.3287607328615,05:35:38 - 2019/05/29,2019-05-29,0,0
6504,0,0,0,51,36.6981646730509,20,74.256,923.946919757581,57.8961322227784,06:35:39 - 2019/05/29,2019-05-29,0,0
6505,0,0,0,72,32.1595612607588,29,99.7152,924.399917490296,61.7263822072418,07:35:39 - 2019/05/29,2019-05-29,0,0
6506,0,0,0,97,27.028309006842,40,128.112,924.643603482042,66.5125716828951,08:35:39 - 2019/05/29,2019-05-29,0,0
6507,0,0,0,111,23.6915205248561,46,145.0848,924.587078770243,71.0746372491983,09:35:39 - 2019/05/29,2019-05-29,0,0
6508,0,0,0,117,20.392699722532,49,149.4912,924.690238699468,75.0193640804232,10:35:39 - 2019/05/29,2019-05-29,0,0
6509,0,0,0,118,16.954973048957,49,153.5712,924.395882069538,78.1981645403318,11:35:39 - 2019/05/29,2019-05-29,0,0
6510,0,0,0,118,15.0595985662932,49,153.5712,923.793339404301,80.5061388463073,12:35:39 - 2019/05/29,2019-05-29,0,0
6511,0,0,0,122,11.0169067826949,50,163.2,923.334616822337,82.2694715030802,13:35:39 - 2019/05/29,2019-05-29,0,0
6512,0,0,0,123,12.1832093275588,50,167.28,922.87566142445,84.1120489172795,14:35:39 - 2019/05/29,2019-05-29,0,0
6513,0,0,0,129,11.4571779649974,52,178.3776,922.475889274305,85.4874417353581,15:35:39 - 2019/05/29,2019-05-29,0,0
6514,0,0,0,152,10.9471182860803,62,205.3056,922.092422320558,85.9820266934767,16:35:40 - 2019/05/29,2019-05-29,0,0
6515,0,0,0,1160,10.2221629892018,550,1052.64,921.762216443471,88.7602351024077,17:35:40 - 2019/05/29,2019-05-29,0,0
6516,0,0,0,2038,8.76468543769412,955,1924.944,921.965134403564,93.8070346910506,18:35:40 - 2019/05/29,2019-05-29,0,0
6517,0,0,0,4,13.1223862920253,1,9.6288,922.197274016444,83.375714544908,19:35:40 - 2019/05/29,2019-05-29,0,0
6518,0,0,0,0,15.867248215772,0,0,922.708830534138,79.5904016328761,20:35:40 - 2019/05/29,2019-05-29,0,0
6519,0,0,0,0,17.5609922175033,0,0,923.358191086761,78.7754463681065,21:35:40 - 2019/05/29,2019-05-29,0,0
6520,0,0,0,0,18.7770965475135,0,0,923.512524016934,77.2096250484451,22:35:40 - 2019/05/29,2019-05-29,0,0
6521,0,0,0,0,21.4262611484006,0,0,923.665070471496,72.8308795570934,23:35:40 - 2019/05/29,2019-05-29,0,0
6522,0,0,0,0,25.3478502544497,0,0,923.966797968254,68.6782556973641,00:35:40 - 2019/05/30,2019-05-30,0,0
6523,0,0,0,0,25.3472563176573,0,0,924.04846387399,67.3472711816253,01:35:40 - 2019/05/30,2019-05-30,0,0
6524,0,0,0,0,26.846886562989,0,0,924.426577344663,65.7174850004947,02:35:40 - 2019/05/30,2019-05-30,0,0
6525,0,0,0,0,27.6483681356373,0,0,924.532570885553,64.9491960703138,03:35:40 - 2019/05/30,2019-05-30,0,0
6526,0,0,0,0,32.4239870181494,0,0,924.619482548684,62.2109943510266,04:35:41 - 2019/05/30,2019-05-30,0,0
6527,0,0,0,14,37.3006095009029,5,23.664,925.191552453074,59.7966846806102,05:35:41 - 2019/05/30,2019-05-30,0,0
6528,0,0,0,52,33.8923015374437,21,71.6448,925.581964845261,62.4731048748375,06:35:41 - 2019/05/30,2019-05-30,0,0
6529,0,0,0,75,29.7139101311347,30,105.264,925.718639149599,66.9051653410084,07:35:41 - 2019/05/30,2019-05-30,0,0
6530,0,0,0,100,26.7057763988515,41,133.6608,925.989217956386,71.3111318128204,08:35:41 - 2019/05/30,2019-05-30,0,0
6531,0,0,0,115,23.8266382594503,47,154.7136,926.087129205836,75.4463461957185,09:35:41 - 2019/05/30,2019-05-30,0,0
6532,0,0,0,123,19.5390339759368,51,160.5888,925.824652777828,80.8009001193485,10:35:41 - 2019/05/30,2019-05-30,0,0
6533,0,0,0,126,15.4783732710317,52,166.1376,925.351716727551,84.7487710698163,11:35:41 - 2019/05/30,2019-05-30,0,0
6534,0,0,0,127,12.1743365816105,53,163.5264,924.82575734945,88.1782580468321,12:35:41 - 2019/05/30,2019-05-30,0,0
6535,0,0,0,132,9.75772126164114,55,170.544,924.107041115986,90.8405721860345,13:35:41 - 2019/05/30,2019-05-30,0,0
6536,0,0,0,134,8.59020462677527,55,178.704,923.531364792296,91.9812441448082,14:35:41 - 2019/05/30,2019-05-30,0,0
6537,0,0,0,142,7.71237706026419,58,191.2704,922.917327398735,93.0799784851493,15:35:42 - 2019/05/30,2019-05-30,0,0
6538,0,0,0,169,7.62147442961061,69,227.8272,922.447697545856,93.3485461515285,16:35:42 - 2019/05/30,2019-05-30,0,0
6539,0,0,0,1248,7.51124974360791,591,1137.3408,922.005549121609,97.4761538180687,17:35:42 - 2019/05/30,2019-05-30,0,0
6540,0,0,0,1924,6.38497476864767,898,1841.2224,922.043080722066,103.582987751214,18:35:42 - 2019/05/30,2019-05-30,0,0
6541,0,0,0,4,10.1086302534688,1,9.6288,922.625480188895,90.2923766558804,19:35:42 - 2019/05/30,2019-05-30,0,0
6542,0,0,0,0,14.3218352935861,0,0,923.077457666468,83.4432893985225,20:35:42 - 2019/05/30,2019-05-30,0,0
6543,0,0,0,0,14.2984938694583,0,0,923.838731403622,81.8477146455847,21:35:42 - 2019/05/30,2019-05-30,0,0
6544,0,0,0,0,21.1034860938102,0,0,924.822317685043,79.8735106893638,22:35:42 - 2019/05/30,2019-05-30,0,0
6545,0,0,0,0,22.8988798063458,0,0,925.241475646666,77.8259324194193,23:35:42 - 2019/05/30,2019-05-30,0,0
6546,0,0,0,0,24.4126782737608,0,0,925.555141717374,76.3003137247742,00:35:42 - 2019/05/31,2019-05-31,0,0
6547,0,0,0,0,27.6475609522678,0,0,925.635568757826,72.47671709016,01:35:43 - 2019/05/31,2019-05-31,0,0
6548,0,0,0,0,28.1728290960994,0,0,925.566406675532,70.0016784658273,02:35:43 - 2019/05/31,2019-05-31,0,0
6549,0,0,0,0,31.7540388410316,0,0,925.421657357706,66.9226398577862,03:35:43 - 2019/05/31,2019-05-31,0,0
6550,0,0,0,0,35.5183221358378,0,0,925.418089436949,65.0394800283786,04:35:43 - 2019/05/31,2019-05-31,0,0
6551,0,0,0,16,38.0532231164928,6,25.1328,925.873611358778,62.742205443728,05:35:43 - 2019/05/31,2019-05-31,0,0
6552,0,0,0,55,36.9579086883675,22,77.1936,926.186166306654,65.9015486845048,06:35:43 - 2019/05/31,2019-05-31,0,0
6553,0,0,0,78,29.4566083046733,32,104.1216,926.246720406321,69.3044337276338,07:35:43 - 2019/05/31,2019-05-31,0,0
6554,0,0,0,103,27.1736582996536,42,139.2096,926.051960382473,73.4407630782039,08:35:43 - 2019/05/31,2019-05-31,0,0
6555,0,0,0,120,24.1026654223368,49,161.7312,925.761237107611,78.879718476611,09:35:43 - 2019/05/31,2019-05-31,0,0
6556,0,0,0,128,17.0627496611558,53,167.6064,925.41521613669,84.0252498378918,10:35:43 - 2019/05/31,2019-05-31,0,0
6557,0,0,0,134,14.0082249586776,56,172.0128,925.011112261876,88.3338012641133,11:35:43 - 2019/05/31,2019-05-31,0,0
6558,0,0,0,137,11.8807931643624,57,177.5616,924.12946858442,90.9040721041863,12:35:44 - 2019/05/31,2019-05-31,0,0
6559,0,0,0,146,9.98115945587458,60,194.208,923.090609973063,94.3197044445959,13:35:44 - 2019/05/31,2019-05-31,0,0
6560,0,0,0,151,7.6694238516258,61,207.9168,922.283008256604,96.4129281892011,14:35:44 - 2019/05/31,2019-05-31,0,0
6561,0,0,0,154,7.15249711306192,62,213.4656,921.634076134825,97.8099789419706,15:35:44 - 2019/05/31,2019-05-31,0,0
6562,0,0,0,181,6.80183014962932,74,243.3312,921.177766487984,98.2177941412168,16:35:44 - 2019/05/31,2019-05-31,0,0
6563,0,0,0,1356,5.64142598500001,647,1203.2736,921.08939399052,101.227501317898,17:35:44 - 2019/05/31,2019-05-31,0,0
6564,0,0,0,1941,4.91489977238315,906,1857.0528,921.336608462986,105.62797094432,18:35:44 - 2019/05/31,2019-05-31,0,0
6565,0,0,0,5,8.77658394054442,2,7.0176,921.923596517202,93.5017639087357,19:35:44 - 2019/05/31,2019-05-31,0,0
6566,0,0,0,0,12.7981014886492,0,0,922.746892791175,85.9995032207448,20:35:44 - 2019/05/31,2019-05-31,0,0
6567,0,0,0,0,14.6770898440162,0,0,923.802624618327,80.7024521260081,21:35:44 - 2019/05/31,2019-05-31,0,0
6568,0,0,0,0,18.5419444717848,0,0,924.208076331641,80.2772040688614,22:35:44 - 2019/05/31,2019-05-31,0,0
6569,0,0,0,0,20.5127209729476,0,0,924.006124259354,78.7649609083096,23:35:44 - 2019/05/31,2019-05-31,0,0
6570,0,0,0,0,23.9828537330971,0,0,924.025126490397,74.530636924131,00:35:44 - 2019/06/01,2019-06-01,0,0
6571,0,0,0,0,24.9189651992566,0,0,923.387995732883,73.1471798997736,01:35:45 - 2019/06/01,2019-06-01,0,0
6572,0,0,0,0,28.0574574498186,0,0,923.508013266096,69.092989160872,02:35:45 - 2019/06/01,2019-06-01,0,0
6573,0,0,0,0,28.2294478333554,0,0,923.709174287082,66.8137153999106,03:35:45 - 2019/06/01,2019-06-01,0,0
6574,0,0,0,0,32.7349280181632,0,0,924.148069342877,64.0358746652802,04:35:45 - 2019/06/01,2019-06-01,0,0
6575,0,0,0,17,34.0838844831483,6,29.2128,924.535726093121,63.5949425990068,05:35:45 - 2019/06/01,2019-06-01,0,0
6576,0,0,0,59,32.7759093746168,23,86.8224,924.892463790262,66.1782270749676,06:35:45 - 2019/06/01,2019-06-01,0,0
6577,0,0,0,82,28.9942470456255,33,113.7504,924.763322438072,69.6754817320925,07:35:45 - 2019/06/01,2019-06-01,0,0
6578,0,0,0,110,23.7132793632788,45,147.696,924.784912131749,75.8442036446749,08:35:45 - 2019/06/01,2019-06-01,0,0
6579,0,0,0,128,23.2714354869695,53,167.6064,924.252195938751,81.2995488413447,09:35:45 - 2019/06/01,2019-06-01,0,0
6580,0,0,0,138,21.5510184496093,57,181.6416,923.836822243799,86.708469229703,10:35:45 - 2019/06/01,2019-06-01,0,0
6581,0,0,0,148,18.7028315825704,61,195.6768,923.1638375497,91.170888539741,11:35:45 - 2019/06/01,2019-06-01,0,0
6582,0,0,0,149,15.2246337169226,61,199.7568,922.424747161359,93.7994611724787,12:35:46 - 2019/06/01,2019-06-01,0,0
6583,0,0,0,164,13.26695733172,66,227.5008,921.714439758416,95.4504964012152,13:35:46 - 2019/06/01,2019-06-01,0,0
6584,0,0,0,162,11.100795406957,64,232.7232,920.876393209206,97.8478474539544,14:35:46 - 2019/06/01,2019-06-01,0,0
6585,0,0,0,167,9.79895910078079,66,239.7408,920.396664829466,98.8318492042253,15:35:46 - 2019/06/01,2019-06-01,0,0
6586,0,0,0,203,10.9734962615499,80,292.944,920.154017122185,98.4997698081788,16:35:46 - 2019/06/01,2019-06-01,0,0
6587,0,0,0,1383,11.8582414020086,657,1246.5216,919.788513739194,101.265370610139,17:35:46 - 2019/06/01,2019-06-01,0,0
6588,0,0,0,1820,10.1032062153253,856,1697.9328,919.789727584979,104.784339495136,18:35:46 - 2019/06/01,2019-06-01,0,0
6589,0,0,0,5,15.5717686389594,2,7.0176,920.506093526951,94.0260843009412,19:35:46 - 2019/06/01,2019-06-01,0,0
6590,0,0,0,0,23.8120044950128,0,0,921.638325030645,86.3682583755111,20:35:46 - 2019/06/01,2019-06-01,0,0
6591,0,0,0,0,28.6239056722591,0,0,922.793058474167,82.7017151412917,21:35:46 - 2019/06/01,2019-06-01,0,0
6592,0,0,0,0,31.6219412954752,0,0,923.408318907604,80.1373967266263,22:35:46 - 2019/06/01,2019-06-01,0,0
6593,0,0,0,0,32.8588846809755,0,0,923.486150382737,78.4905916126172,23:35:46 - 2019/06/01,2019-06-01,0,0
6594,0,0,0,0,35.3817849287694,0,0,923.538732365149,76.5298255294784,00:35:47 - 2019/06/02,2019-06-02,0,0
6595,0,0,0,0,37.8847711525476,0,0,923.405101558444,74.4217074682039,01:35:47 - 2019/06/02,2019-06-02,0,0
6596,0,0,0,0,39.7323009910527,0,0,923.424393916926,72.6835059386599,02:35:47 - 2019/06/02,2019-06-02,0,0
6597,0,0,0,0,42.4702849682915,0,0,923.534501824284,71.3105493134809,03:35:47 - 2019/06/02,2019-06-02,0,0
6598,0,0,0,0,47.3998590999283,0,0,923.841197439575,68.4825391422916,04:35:47 - 2019/06/02,2019-06-02,0,0
6599,0,0,0,16,49.0237432172905,6,25.1328,924.231659634739,67.7637487764897,05:35:47 - 2019/06/02,2019-06-02,0,0
6600,0,0,0,58,48.4725484359451,23,82.7424,924.478808784524,70.0506080312375,06:35:47 - 2019/06/02,2019-06-02,0,0
6601,0,0,0,82,42.9207179458549,34,107.0592,924.796638621457,73.068541636673,07:35:47 - 2019/06/02,2019-06-02,0,0
6602,0,0,0,109,41.8643723998634,45,143.616,924.988131004528,77.0902084787216,08:35:47 - 2019/06/02,2019-06-02,0,0
6603,0,0,0,124,38.3671965548142,51,164.6688,924.81842910325,80.3622535930502,09:35:47 - 2019/06/02,2019-06-02,0,0
6604,0,0,0,136,28.9749654754214,56,180.1728,924.676809052298,83.319208007422,10:35:48 - 2019/06/02,2019-06-02,0,0
6605,0,0,0,141,24.0401639489914,58,187.1904,924.162271749996,86.8249799566419,11:35:48 - 2019/06/02,2019-06-02,0,0
6606,0,0,0,156,20.2100442032993,65,201.552,923.467048403798,90.9232968548434,12:35:48 - 2019/06/02,2019-06-02,0,0
6607,0,0,0,161,19.6344848239957,66,215.2608,922.885735442735,91.2070078281965,13:35:48 - 2019/06/02,2019-06-02,0,0
6608,0,0,0,161,16.2333211853742,65,221.952,922.070338173091,92.7193644501023,14:35:48 - 2019/06/02,2019-06-02,0,0
6609,0,0,0,167,11.0943865356258,67,233.0496,921.43077226289,95.4994334760085,15:35:48 - 2019/06/02,2019-06-02,0,0
6610,0,0,0,203,12.377480964939,81,286.2528,921.004040630488,94.8434448405792,16:35:48 - 2019/06/02,2019-06-02,0,0
6611,0,0,0,1518,11.7378105083125,725,1342.32,920.746123841733,98.1909948259135,17:35:48 - 2019/06/02,2019-06-02,0,0
6612,0,0,0,1810,11.5793064409812,849,1703.9712,920.846424948472,101.002033556915,18:35:48 - 2019/06/02,2019-06-02,0,0
6613,0,0,0,5,16.8029693206698,2,7.0176,921.063589561535,91.1644802797077,19:35:48 - 2019/06/02,2019-06-02,0,0
6614,0,0,0,0,18.7503868741093,0,0,921.579469410333,87.0009113094381,20:35:49 - 2019/06/02,2019-06-02,0,0
6615,0,0,0,0,20.7222784424861,0,0,922.406956956015,84.2244800071097,21:35:49 - 2019/06/02,2019-06-02,0,0
6616,0,0,0,0,24.4197039781094,0,0,923.05675698186,81.6991679415398,22:35:49 - 2019/06/02,2019-06-02,0,0
6617,0,0,0,0,28.8399259168579,0,0,923.318130920385,78.6303975664359,23:35:49 - 2019/06/02,2019-06-02,0,0
6618,0,0,0,0,31.9013454462235,0,0,923.513937978364,76.4238073467102,00:35:49 - 2019/06/03,2019-06-03,0,0
6619,0,0,0,0,34.0230017334174,0,0,923.619311235914,75.0706251767076,01:35:49 - 2019/06/03,2019-06-03,0,0
6620,0,0,0,0,36.8162681742367,0,0,923.690043354476,74.0681241124159,02:35:49 - 2019/06/03,2019-06-03,0,0
6621,0,0,0,0,38.0639198395609,0,0,923.749196289474,71.8301395375701,03:35:49 - 2019/06/03,2019-06-03,0,0
6622,0,0,0,0,41.9887037657868,0,0,923.742917183336,69.6253872905413,04:35:49 - 2019/06/03,2019-06-03,0,0
6623,0,0,0,16,48.3658931247864,6,25.1328,924.239862515496,67.2861102243215,05:35:49 - 2019/06/03,2019-06-03,0,0
6624,0,0,0,55,49.978229507093,22,77.1936,924.335524907451,70.1228374160902,06:35:49 - 2019/06/03,2019-06-03,0,0
6625,0,0,0,78,45.0388005842592,32,104.1216,924.729109411054,72.8390346228077,07:35:49 - 2019/06/03,2019-06-03,0,0
6626,0,0,0,104,41.3388326598633,42,143.2896,925.036886827828,75.8610965882316,08:35:50 - 2019/06/03,2019-06-03,0,0
6627,0,0,0,120,34.004101126434,49,161.7312,924.718098643726,79.8571998664037,09:35:50 - 2019/06/03,2019-06-03,0,0
6628,0,0,0,129,24.6740657295625,54,164.9952,924.516327038204,84.6439127246707,10:35:50 - 2019/06/03,2019-06-03,0,0
6629,0,0,0,134,22.1924936328544,56,172.0128,924.193730386756,87.8648418199344,11:35:50 - 2019/06/03,2019-06-03,0,0
6630,0,0,0,136,16.8698291292949,57,173.4816,923.640606974849,91.0165077987161,12:35:50 - 2019/06/03,2019-06-03,0,0
6631,0,0,0,147,12.5679556504816,60,198.288,922.88136270881,94.1309485782887,13:35:50 - 2019/06/03,2019-06-03,0,0
6632,0,0,0,155,12.2403604137688,63,210.8544,922.059166041822,95.493607633014,14:35:50 - 2019/06/03,2019-06-03,0,0
6633,0,0,0,163,11.1445918476522,66,223.4208,921.31932354848,95.6951819195732,15:35:50 - 2019/06/03,2019-06-03,0,0
6634,0,0,0,197,10.4400637357502,79,275.1552,920.792824677231,96.4548744958283,16:35:50 - 2019/06/03,2019-06-03,0,0
6635,0,0,0,1617,8.18050610225335,777,1398.2976,920.627080765,100.288928237427,17:35:50 - 2019/06/03,2019-06-03,0,0
6636,0,0,0,1939,8.66294088336239,907,1842.2016,920.703120548265,101.21410141656,18:35:50 - 2019/06/03,2019-06-03,0,0
6637,0,0,0,7,12.5703020641001,3,8.4864,921.141526832096,91.3963429366941,19:35:50 - 2019/06/03,2019-06-03,0,0
6638,0,0,0,0,13.3632473513759,0,0,922.14527684331,87.0638272027644,20:35:51 - 2019/06/03,2019-06-03,0,0
6639,0,0,0,0,17.1168391568457,0,0,923.015322284822,83.7036858591698,21:35:51 - 2019/06/03,2019-06-03,0,0
6640,0,0,0,0,19.102163910827,0,0,923.46080745897,82.0964578558128,22:35:51 - 2019/06/03,2019-06-03,0,0
6641,0,0,0,0,21.9587115475902,0,0,923.869699063126,79.1942827766226,23:35:51 - 2019/06/03,2019-06-03,0,0
6642,0,0,0,0,24.1761123014996,0,0,923.9666694889,76.1290538541133,00:35:51 - 2019/06/04,2019-06-04,0,0
6643,0,0,0,0,26.102268984499,0,0,924.230111481083,75.8966300268475,01:35:51 - 2019/06/04,2019-06-04,0,0
6644,0,0,0,0,27.4958792896992,0,0,924.22717580402,73.8147328797061,02:35:51 - 2019/06/04,2019-06-04,0,0
6645,0,0,0,0,30.3330557575003,0,0,924.442172661964,71.0292023716616,03:35:51 - 2019/06/04,2019-06-04,0,0
6646,0,0,0,0,34.9773127042026,0,0,924.699980661864,67.5511412022461,04:35:51 - 2019/06/04,2019-06-04,0,0
6647,0,0,0,16,36.2517656065445,6,25.1328,925.2383203873,67.8161726038189,05:35:51 - 2019/06/04,2019-06-04,0,0
6648,0,0,0,55,38.1143243995313,21,83.8848,925.436302863073,70.0587629602097,06:35:51 - 2019/06/04,2019-06-04,0,0
6649,0,0,0,76,33.0913989192086,31,102.6528,925.667156571321,72.5553550725813,07:35:51 - 2019/06/04,2019-06-04,0,0
6650,0,0,0,102,29.8581442197613,42,135.1296,925.770033559206,75.512170275836,08:35:52 - 2019/06/04,2019-06-04,0,0
6651,0,0,0,117,27.1707422696883,48,156.1824,925.560653458776,79.3294291035872,09:35:52 - 2019/06/04,2019-06-04,0,0
6652,0,0,0,125,21.9389874167116,52,162.0576,925.211538414539,83.7281526617212,10:35:52 - 2019/06/04,2019-06-04,0,0
6653,0,0,0,127,18.983986102619,52,170.2176,924.736996522712,88.0308707882877,11:35:52 - 2019/06/04,2019-06-04,0,0
6654,0,0,0,130,13.7437397804365,54,169.0752,924.123639485134,91.0578701718408,12:35:52 - 2019/06/04,2019-06-04,0,0
6655,0,0,0,136,11.9261273843128,56,180.1728,923.463119896617,93.6817803898738,13:35:52 - 2019/06/04,2019-06-04,0,0
6656,0,0,0,151,11.7515914446648,62,201.2256,922.720221602866,95.3846644067107,14:35:52 - 2019/06/04,2019-06-04,0,0
6657,0,0,0,178,10.8736523363786,73,237.7824,922.078267400099,95.267565082833,15:35:52 - 2019/06/04,2019-06-04,0,0
6658,0,0,0,219,12.1400675135916,90,291.312,922.026555646767,93.2832975678587,16:35:52 - 2019/06/04,2019-06-04,0,0
6659,0,0,0,1647,11.6144378682712,793,1413.6384,921.85713241263,96.0185169082153,17:35:52 - 2019/06/04,2019-06-04,0,0
6660,0,0,0,1864,11.2628330904497,874,1757.0112,922.281559194914,96.5475059605436,18:35:52 - 2019/06/04,2019-06-04,0,0
6661,0,0,0,5,13.7267383785159,2,7.0176,922.887068099863,88.7876154546233,19:35:52 - 2019/06/04,2019-06-04,0,0
6662,0,0,0,0,15.0716137263582,0,0,923.393017012283,85.8614387055225,20:35:52 - 2019/06/04,2019-06-04,0,0
6663,0,0,0,0,13.8121014225503,0,0,924.078701901514,85.4454982025188,21:35:52 - 2019/06/04,2019-06-04,0,0
6664,0,0,0,0,17.8521799955823,0,0,924.555487939976,81.0974095174817,22:35:53 - 2019/06/04,2019-06-04,0,0
6665,0,0,0,0,21.8981156052562,0,0,924.945925289758,79.667877931573,23:35:53 - 2019/06/04,2019-06-04,0,0
6666,0,0,0,0,23.1887455843992,0,0,925.183843256147,78.705543315318,00:35:53 - 2019/06/05,2019-06-05,0,0
6667,0,0,0,0,24.820413149061,0,0,925.458654545077,76.570601771669,01:35:53 - 2019/06/05,2019-06-05,0,0
6668,0,0,0,0,27.763620472457,0,0,925.598586114286,73.3178541842954,02:35:53 - 2019/06/05,2019-06-05,0,0
6669,0,0,0,0,32.1129550702049,0,0,925.763807170799,69.6032525421191,03:35:53 - 2019/06/05,2019-06-05,0,0
6670,0,0,0,0,32.8206401276561,0,0,926.012429399722,68.5431180513172,04:35:53 - 2019/06/05,2019-06-05,0,0
6671,0,0,0,16,31.762288032716,6,25.1328,926.475691152076,69.3149185892009,05:35:53 - 2019/06/05,2019-06-05,0,0
6672,0,0,0,56,32.3131176216331,22,81.2736,926.87731908186,70.8462979905961,06:35:53 - 2019/06/05,2019-06-05,0,0
6673,0,0,0,80,28.8462275929202,32,112.2816,927.289586157182,73.2520309752553,07:35:53 - 2019/06/05,2019-06-05,0,0
6674,0,0,0,106,26.6512424587903,43,144.7584,927.352005129965,76.7750656515638,08:35:53 - 2019/06/05,2019-06-05,0,0
6675,0,0,0,122,24.3663485806709,50,163.2,927.12346938736,80.3476903152652,09:35:54 - 2019/06/05,2019-06-05,0,0
6676,0,0,0,129,20.5043191157084,53,171.6864,927.044611463125,84.6217759713937,10:35:54 - 2019/06/05,2019-06-05,0,0
6677,0,0,0,133,17.3055491305345,55,174.624,926.805123392764,88.4782759936171,11:35:54 - 2019/06/05,2019-06-05,0,0
6678,0,0,0,134,15.3777658649438,55,178.704,926.317690522733,91.4266365741122,12:35:54 - 2019/06/05,2019-06-05,0,0
6679,0,0,0,139,12.2845111825516,57,185.7216,925.736415413667,92.9063709842948,13:35:54 - 2019/06/05,2019-06-05,0,0
6680,0,0,0,145,11.8050052351581,58,203.5104,925.079391722844,95.1702736676659,14:35:54 - 2019/06/05,2019-06-05,0,0
6681,0,0,0,157,11.2820648730331,63,219.0144,924.650635286955,95.0613306537444,15:35:54 - 2019/06/05,2019-06-05,0,0
6682,0,0,0,188,10.9132343281106,75,265.2,924.127779299671,95.7528578443296,16:35:54 - 2019/06/05,2019-06-05,0,0
6683,0,0,0,1766,9.49108177923423,851,1511.0688,923.801908661464,100.848226267906,17:35:54 - 2019/06/05,2019-06-05,0,0
6684,0,0,0,1862,8.89763282923228,868,1788.9984,923.825241183423,102.290757809604,18:35:54 - 2019/06/05,2019-06-05,0,0
6685,0,0,0,6,12.7881896202462,3,4.4064,924.186572075347,93.0374504563893,19:35:54 - 2019/06/05,2019-06-05,0,0
6686,0,0,0,0,14.254749507208,0,0,924.51471465822,89.6806834636898,20:35:55 - 2019/06/05,2019-06-05,0,0
6687,0,0,0,0,16.5479356809559,0,0,925.541027324919,87.0265437075417,21:35:55 - 2019/06/05,2019-06-05,0,0
6688,0,0,0,0,18.6988735170281,0,0,926.161857176218,85.0773276472827,22:35:55 - 2019/06/05,2019-06-05,0,0
6689,0,0,0,0,20.5536734861797,0,0,926.227670684459,82.7733674974577,23:35:55 - 2019/06/05,2019-06-05,0,0
6690,0,0,0,0,22.4500400023841,0,0,926.215700964405,81.3974146543919,00:35:55 - 2019/06/06,2019-06-06,0,0
6691,0,0,0,0,23.3314945585722,0,0,926.108116701184,79.6911790811187,01:35:55 - 2019/06/06,2019-06-06,0,0
6692,0,0,0,0,25.8938778146548,0,0,926.385968993811,77.0657426555391,02:35:55 - 2019/06/06,2019-06-06,0,0
6693,0,0,0,0,28.033433423752,0,0,926.576995172849,75.1312064927473,03:35:55 - 2019/06/06,2019-06-06,0,0
6694,0,0,0,111,28.1006983226962,45,151.776,928.042360665311,79.5927317465947,03:17:42 - 2019/06/06,2019-06-06,0,0
6695,0,0,0,121,21.4396294262288,50,159.12,927.895853851896,84.647990547965,09:51:21 - 2019/06/06,2019-06-06,0,0
6696,0,0,0,129,19.8022863180142,53,171.6864,927.611854629439,87.6976479039832,10:51:21 - 2019/06/06,2019-06-06,0,0
6697,0,0,0,130,16.656007316708,54,169.0752,927.206403008597,90.9349482199626,11:51:21 - 2019/06/06,2019-06-06,0,0
6698,0,0,0,135,15.0184459941239,55,182.784,926.570414366644,92.7234424719634,12:51:21 - 2019/06/06,2019-06-06,0,0
6699,0,0,0,141,13.9793319972086,57,193.8816,925.82452877611,94.3261128265434,13:51:21 - 2019/06/06,2019-06-06,0,0
6700,0,0,0,152,12.6457881295019,62,205.3056,924.936987016421,96.8615211849939,14:51:21 - 2019/06/06,2019-06-06,0,0
6701,0,0,0,190,12.6936424625694,77,259.9776,924.503465420588,96.8044274636012,15:51:21 - 2019/06/06,2019-06-06,0,0
6702,0,0,0,257,12.5235773781584,107,332.6016,924.130046689755,97.9049415345206,16:51:21 - 2019/06/06,2019-06-06,0,0
6703,0,0,0,3228,9.18291678750074,1511,3059.8368,923.799412295882,106.959262725404,17:51:22 - 2019/06/06,2019-06-06,0,0
6704,0,0,0,556,13.0394018053922,263,508.6944,923.808875067786,96.9261885870427,18:51:22 - 2019/06/06,2019-06-06,0,0
6705,0,0,0,0,15.1762642013942,0,0,923.832712349325,93.1516353253982,19:51:22 - 2019/06/06,2019-06-06,0,0
6706,0,0,0,0,26.1896149129623,0,0,924.749618318554,89.5804825082159,20:51:22 - 2019/06/06,2019-06-06,0,0
6707,0,0,0,0,28.9336015291905,0,0,925.723349449793,86.8343008183332,21:51:22 - 2019/06/06,2019-06-06,0,0
6708,0,0,0,0,29.8945537156925,0,0,926.108978744274,83.8924298580526,22:51:22 - 2019/06/06,2019-06-06,0,0
6709,0,0,0,0,29.3738393261735,0,0,926.317822732216,82.8619135413424,23:51:22 - 2019/06/06,2019-06-06,0,0
6710,0,0,0,0,30.8168823276549,0,0,925.98111687976,81.1999354838058,00:51:22 - 2019/06/07,2019-06-07,0,0
6711,0,0,0,0,31.6063888803037,0,0,925.645412872941,78.8325338830763,01:51:22 - 2019/06/07,2019-06-07,0,0
6712,0,0,0,0,36.9543153633374,0,0,925.537354985775,76.5915724144143,02:51:22 - 2019/06/07,2019-06-07,0,0
6713,0,0,0,0,39.0426408384231,0,0,925.551274191747,75.2337287703137,03:51:22 - 2019/06/07,2019-06-07,0,0
6714,0,0,0,0,41.1884834439523,0,0,925.579441351506,73.7762873471965,04:51:22 - 2019/06/07,2019-06-07,0,0
6715,0,0,0,28,43.687207223896,11,40.6368,925.906959194534,72.9054401728397,05:51:23 - 2019/06/07,2019-06-07,0,0
6716,0,0,0,65,39.10937562423,26,91.2288,926.136979091635,75.9845898830606,06:51:23 - 2019/06/07,2019-06-07,0,0
6717,0,0,0,87,37.1766316177981,36,114.0768,926.340021410176,78.9053496194672,07:51:23 - 2019/06/07,2019-06-07,0,0
6718,0,0,0,115,35.5079395299442,47,154.7136,926.189478941918,81.738780382941,08:51:23 - 2019/06/07,2019-06-07,0,0
6719,0,0,0,129,32.4390060380578,53,171.6864,925.725064489534,85.1093677738912,09:51:23 - 2019/06/07,2019-06-07,0,0
6720,0,0,0,175,27.4635959680208,74,218.8512,925.625621634208,88.8656786112883,10:51:23 - 2019/06/07,2019-06-07,0,0
6721,0,0,0,217,20.2924660874091,93,263.0784,924.891043708219,92.4210865515736,11:51:23 - 2019/06/07,2019-06-07,0,0
6722,0,0,0,163,14.3099754156717,68,210.0384,924.033362366857,95.9486065869907,12:51:23 - 2019/06/07,2019-06-07,0,0
6723,0,0,0,366,10.5067593792133,161,415.9968,923.225560750871,99.2955962803692,13:51:23 - 2019/06/07,2019-06-07,0,0
6724,0,0,0,376,11.2697631270847,164,436.7232,922.720002663858,99.2093718515017,14:51:23 - 2019/06/07,2019-06-07,0,0
6725,0,0,0,206,10.3232133125623,83,285.1104,922.191083130144,100.044235942128,15:51:23 - 2019/06/07,2019-06-07,0,0
6726,0,0,0,289,11.335840910609,120,376.176,921.899321077851,101.035824571336,16:51:24 - 2019/06/07,2019-06-07,0,0
6727,0,0,0,85,14.0894625512555,43,59.0784,922.504233521102,97.0881484974176,19:18:32 - 2019/06/07,2019-06-07,0,0
6728,0,0,0,0,15.1626205155802,0,0,922.934967927222,93.0397807590526,20:18:32 - 2019/06/07,2019-06-07,0,0
6729,0,0,0,0,15.1281508412791,0,0,923.842020174452,88.2656418588085,21:18:32 - 2019/06/07,2019-06-07,0,0
6730,0,0,0,0,20.3852121491945,0,0,924.59192084708,85.5923006138678,22:18:32 - 2019/06/07,2019-06-07,0,0
6731,0,0,0,0,22.3889929829203,0,0,924.785404160428,83.2184283543378,23:18:33 - 2019/06/07,2019-06-07,0,0
6732,0,0,0,0,23.4216745276739,0,0,924.723466110262,81.0799335068178,00:18:33 - 2019/06/08,2019-06-08,0,0
6733,0,0,0,0,25.8458487473572,0,0,924.958120097031,78.9641847578262,01:18:33 - 2019/06/08,2019-06-08,0,0
6734,0,0,0,0,28.2979290210222,0,0,924.878688865736,77.4111771124098,02:18:33 - 2019/06/08,2019-06-08,0,0
6735,0,0,0,0,31.9337342047407,0,0,924.959817876932,73.9597774689731,03:18:33 - 2019/06/08,2019-06-08,0,0
6736,0,0,0,0,35.7259227635734,0,0,925.364937028745,70.6692187820466,04:18:33 - 2019/06/08,2019-06-08,0,0
6737,0,0,0,5,38.9546983295595,2,7.0176,925.832385359454,67.4002773628713,05:18:33 - 2019/06/08,2019-06-08,0,0
6738,0,0,0,43,39.4459229608536,17,61.6896,926.302923266089,69.0836692963653,06:18:33 - 2019/06/08,2019-06-08,0,0
6739,0,0,0,143,8.48787158652951,69,121.7472,924.7977410949,97.6381142654747,19:14:10 - 2019/06/08,2019-06-08,0,0
6740,0,0,0,1,9.65238127019918,0,4.08,925.327166378345,92.1222266170389,20:14:10 - 2019/06/08,2019-06-08,0,0
6741,0,0,0,1,9.35899340001037,0,4.08,925.863905784983,89.1849223507959,21:14:10 - 2019/06/08,2019-06-08,0,0
6742,0,0,0,0,9.94314523603828,0,0,926.243291121932,87.8555209003229,22:14:10 - 2019/06/08,2019-06-08,0,0
6743,0,0,0,0,12.8984312147351,0,0,926.825843538554,82.4704471785506,23:14:10 - 2019/06/08,2019-06-08,0,0
6744,0,0,0,0,13.9819098580272,0,0,927.034713314347,81.1772166562558,00:14:10 - 2019/06/09,2019-06-09,0,0
6745,0,0,0,0,14.3656366069009,0,0,926.942624484658,80.051764787715,01:14:10 - 2019/06/09,2019-06-09,0,0
6746,0,0,0,0,17.6235094945949,0,0,927.18080844112,77.0692377729156,02:14:10 - 2019/06/09,2019-06-09,0,0
6747,0,0,0,0,21.0377219961774,0,0,927.568277516597,73.8223054856452,03:14:10 - 2019/06/09,2019-06-09,0,0
6748,0,0,0,0,25.0152587388982,0,0,928.187512679457,71.0723072551756,04:14:10 - 2019/06/09,2019-06-09,0,0
6749,0,0,0,4,26.0076079438865,1,9.6288,928.818578626151,70.6342689606002,05:14:10 - 2019/06/09,2019-06-09,0,0
6750,0,0,0,42,30.6409432325046,16,64.3008,929.498802414096,71.7654819209839,06:14:11 - 2019/06/09,2019-06-09,0,0
6751,0,0,0,68,27.0235491875091,27,96.7776,929.849623313017,73.4576557769051,07:14:11 - 2019/06/09,2019-06-09,0,0
6752,0,0,0,94,23.417919155429,39,122.5632,930.024354541489,76.7080760335157,08:14:11 - 2019/06/09,2019-06-09,0,0
6753,0,0,0,116,20.4132480827105,48,152.1024,929.692547554406,81.5762529262492,09:14:11 - 2019/06/09,2019-06-09,0,0
6754,0,0,0,165,17.0384967122647,70,204.816,929.481326910163,86.495837364045,10:14:11 - 2019/06/09,2019-06-09,0,0
6755,0,0,0,1685,4.58015566974761,776,1682.4288,921.502741758817,111.13148967997,18:01:30 - 2019/06/13,2019-06-13,0,0
6756,0,0,0,454,6.11781696462792,216,407.0208,921.875942886924,103.867302993925,19:01:30 - 2019/06/13,2019-06-13,0,0
6757,0,0,0,0,7.10009677483,0,0,922.530517091434,97.9643660065951,20:01:31 - 2019/06/13,2019-06-13,0,0
6758,0,0,0,0,8.32708388896332,0,0,923.330977731237,94.4542805174918,21:01:31 - 2019/06/13,2019-06-13,0,0
6759,0,0,0,0,9.63516955527435,0,0,923.953403289981,91.9736707096091,22:01:31 - 2019/06/13,2019-06-13,0,0
6760,0,0,0,0,10.8512742415377,0,0,924.190163459356,89.2827928173709,23:01:31 - 2019/06/13,2019-06-13,0,0
6761,0,0,0,0,13.5607477088005,0,0,924.38463793733,85.1740305937177,00:01:31 - 2019/06/14,2019-06-14,0,0
6762,0,0,0,0,14.7588909465425,0,0,924.322142729212,82.8042420994963,01:01:31 - 2019/06/14,2019-06-14,0,0
6763,0,0,0,0,13.8641622957122,0,0,924.1095539488,81.8739287836408,02:01:31 - 2019/06/14,2019-06-14,0,0
6764,0,0,0,0,14.0340523397799,0,0,923.889466426796,80.4146814036661,03:01:31 - 2019/06/14,2019-06-14,0,0
6765,0,0,0,0,13.5397501654611,0,0,923.959058812556,80.2300190776795,04:01:31 - 2019/06/14,2019-06-14,0,0
6766,0,0,0,0,14.9541950862975,0,0,924.23177704039,79.1622437928466,05:01:31 - 2019/06/14,2019-06-14,0,0
6767,0,0,0,30,17.787177721723,11,48.7968,924.687849654444,79.7488494403242,06:01:31 - 2019/06/14,2019-06-14,0,0
6768,0,0,0,61,19.7032143224446,24,88.2912,925.161476704868,81.4335318142737,07:01:31 - 2019/06/14,2019-06-14,0,0
6769,0,0,0,84,19.8199880171655,34,115.2192,926.01309056601,84.0141815021755,08:01:32 - 2019/06/14,2019-06-14,0,0
6770,0,0,0,108,20.6463621576254,44,146.2272,925.925266075816,87.4331672801059,09:01:32 - 2019/06/14,2019-06-14,0,0
6771,0,0,0,120,18.320417873463,49,161.7312,925.55025212031,91.2209894903556,10:01:32 - 2019/06/14,2019-06-14,0,0
6772,0,0,0,122,10.6814284549245,50,163.2,925.106221164277,94.574874753504,11:01:32 - 2019/06/14,2019-06-14,0,0
6773,0,0,0,121,8.37513145211712,50,159.12,924.678944145352,97.8705685652948,12:01:32 - 2019/06/14,2019-06-14,0,0
6774,0,0,0,124,7.79949389197727,51,164.6688,924.039553018995,100.86395655228,13:01:32 - 2019/06/14,2019-06-14,0,0
6775,0,0,0,128,6.52687146450818,52,174.2976,923.484648002382,102.014019162497,14:01:32 - 2019/06/14,2019-06-14,0,0
6776,0,0,0,131,6.23329652591966,53,179.8464,922.951225293522,101.440152070985,15:01:32 - 2019/06/14,2019-06-14,0,0
6777,0,0,0,144,6.28059940121932,58,199.4304,922.291814109778,102.635662201358,16:01:32 - 2019/06/14,2019-06-14,0,0
6778,0,0,0,184,6.5661578888328,75,248.88,921.944749479128,102.452140349576,17:01:32 - 2019/06/14,2019-06-14,0,0
6779,0,0,0,3483,3.64896466526282,1606,3464.5728,921.669199631383,112.916123196948,18:01:32 - 2019/06/14,2019-06-14,0,0
6780,0,0,0,654,7.60259406545616,311,587.3568,922.219377721406,98.4805441792942,19:01:33 - 2019/06/14,2019-06-14,0,0
6781,0,0,0,0,7.65537538661192,0,0,922.890182888273,93.0753178787258,20:01:33 - 2019/06/14,2019-06-14,0,0
6782,0,0,0,0,9.41579551240897,0,0,923.499402635253,89.0369516360039,21:01:33 - 2019/06/14,2019-06-14,0,0
6783,0,0,0,0,12.3768172126731,0,0,924.20309450406,83.5644581705096,22:01:33 - 2019/06/14,2019-06-14,0,0
6784,0,0,0,0,13.6775021402471,0,0,924.402329747729,79.9632202443219,23:01:33 - 2019/06/14,2019-06-14,0,0
6785,0,0,0,0,15.4948301976773,0,0,924.463490452387,76.9964228427917,00:01:33 - 2019/06/15,2019-06-15,0,0
6786,0,0,0,0,17.0695000024693,0,0,924.634692293878,74.2184115092377,01:01:33 - 2019/06/15,2019-06-15,0,0
6787,0,0,0,0,17.3474967665878,0,0,924.689678766832,73.4075601926689,02:01:33 - 2019/06/15,2019-06-15,0,0
6788,0,0,0,0,18.7106525671982,0,0,924.565393568153,73.4168803002181,03:01:33 - 2019/06/15,2019-06-15,0,0
6789,0,0,0,0,19.953174996754,0,0,924.708876847299,72.3806040511814,04:01:33 - 2019/06/15,2019-06-15,0,0
6790,0,0,0,0,19.8707939549169,0,0,924.886858702856,72.3404113423106,05:01:33 - 2019/06/15,2019-06-15,0,0
6791,0,0,0,34,20.9351349980145,13,51.7344,925.485005893008,72.6800109137258,06:01:33 - 2019/06/15,2019-06-15,0,0
6792,0,0,0,62,23.2254948973699,25,85.68,926.071470693526,73.9935629738484,07:01:34 - 2019/06/15,2019-06-15,0,0
6793,0,0,0,86,19.5515174153153,35,116.688,926.502728684116,78.4620479115352,08:01:34 - 2019/06/15,2019-06-15,0,0
6794,0,0,0,108,18.8511539120809,44,146.2272,926.494922853953,82.4553011771303,09:01:34 - 2019/06/15,2019-06-15,0,0
6795,0,0,0,118,16.0208971874278,48,160.2624,926.418206983134,86.0816429235752,10:01:34 - 2019/06/15,2019-06-15,0,0
6796,0,0,0,121,10.4615095651829,50,159.12,926.154202682337,90.1426572565045,11:01:34 - 2019/06/15,2019-06-15,0,0
6797,0,0,0,121,8.18717935441001,50,159.12,925.58947386299,93.2192141624549,12:01:34 - 2019/06/15,2019-06-15,0,0
6798,0,0,0,124,7.12503032104042,51,164.6688,924.840614490901,95.409715516584,13:01:34 - 2019/06/15,2019-06-15,0,0
6799,0,0,0,129,6.65448751096643,52,178.3776,924.144920851618,97.7505545252093,14:01:34 - 2019/06/15,2019-06-15,0,0
6800,0,0,0,130,5.55435934948126,52,182.4576,923.485809970858,98.5760897508841,15:01:34 - 2019/06/15,2019-06-15,0,0
6801,0,0,0,144,5.75694482925647,57,206.1216,922.538179635523,99.7575968553128,16:01:34 - 2019/06/15,2019-06-15,0,0
6802,0,0,0,185,6.37329196144626,74,259.6512,922.017505308335,100.320971302828,17:01:34 - 2019/06/15,2019-06-15,0,0
6803,0,0,0,3678,3.5740126269399,1704,3604.4352,921.835530061499,111.380276811606,18:01:34 - 2019/06/15,2019-06-15,0,0
6804,0,0,0,787,5.09861142821329,374,708.4512,922.130663020338,102.661297015864,19:01:34 - 2019/06/15,2019-06-15,0,0
6805,0,0,0,0,7.66391840467719,0,0,922.512192188342,94.8486880787114,20:01:34 - 2019/06/15,2019-06-15,0,0
6806,0,0,0,0,9.42390931152889,0,0,923.217518848771,91.675394152185,21:01:35 - 2019/06/15,2019-06-15,0,0
6807,0,0,0,0,15.5681033496695,0,0,924.37867368654,88.7241163468251,22:01:35 - 2019/06/15,2019-06-15,0,0
6808,0,0,0,0,19.7233876476901,0,0,924.513959093769,86.5500147724262,23:01:35 - 2019/06/15,2019-06-15,0,0
6809,0,0,0,0,20.6592974086166,0,0,924.420186320796,84.5058493380156,00:01:35 - 2019/06/16,2019-06-16,0,0
6810,0,0,0,0,23.3185467030609,0,0,924.101570376096,80.0616677987973,01:01:35 - 2019/06/16,2019-06-16,0,0
6811,0,0,0,0,25.0714995580396,0,0,923.930542653426,77.8434080871536,02:01:35 - 2019/06/16,2019-06-16,0,0
6812,0,0,0,0,28.3482293652287,0,0,923.99638873286,74.8702409813378,03:01:35 - 2019/06/16,2019-06-16,0,0
6813,0,0,0,0,27.6299660142163,0,0,924.132189842812,75.7475061388155,04:01:35 - 2019/06/16,2019-06-16,0,0
6814,0,0,0,0,28.8580485942614,0,0,924.479171324065,75.8832321720489,05:01:35 - 2019/06/16,2019-06-16,0,0
6815,0,0,0,36,29.546413970356,13,59.8944,925.185773027575,76.0177932846228,06:01:35 - 2019/06/16,2019-06-16,0,0
6816,0,0,0,65,29.6964334379518,26,91.2288,925.455993430386,77.4799145775288,07:01:35 - 2019/06/16,2019-06-16,0,0
6817,0,0,0,89,26.4170241334045,36,122.2368,925.593723488618,80.6558495459921,08:01:35 - 2019/06/16,2019-06-16,0,0
6818,0,0,0,112,23.5254583584458,45,155.856,925.353812408609,84.8984855997423,09:01:36 - 2019/06/16,2019-06-16,0,0
6819,0,0,0,125,20.3307176553378,51,168.7488,925.140389206508,88.54818316598,10:01:36 - 2019/06/16,2019-06-16,0,0
6820,0,0,0,131,18.0131305020675,54,173.1552,924.688011887923,91.8466700785656,11:01:36 - 2019/06/16,2019-06-16,0,0
6821,0,0,0,134,13.6520982140467,55,178.704,923.938103521368,95.404472260716,12:01:36 - 2019/06/16,2019-06-16,0,0
6822,0,0,0,135,10.5373732599107,56,176.0928,923.003690595213,98.937299116438,13:01:36 - 2019/06/16,2019-06-16,0,0
6823,0,0,0,140,9.88155186298621,57,189.8016,922.126405107083,101.652220490778,14:01:36 - 2019/06/16,2019-06-16,0,0
6824,0,0,0,147,8.70254185375065,59,204.9792,921.250238682798,101.962749737515,15:01:36 - 2019/06/16,2019-06-16,0,0
6825,0,0,0,170,8.39417151107473,68,238.5984,920.632494101486,102.735871044227,16:01:36 - 2019/06/16,2019-06-16,0,0
6826,0,0,0,233,8.35233162939399,95,314.976,920.13933520532,102.913567106313,17:01:36 - 2019/06/16,2019-06-16,0,0
6827,0,0,0,3413,4.30053244487929,1574,3393.0912,920.262336216609,113.155590663567,18:01:36 - 2019/06/16,2019-06-16,0,0
6828,0,0,0,807,4.40785233601216,383,729.8304,920.549074412658,105.017386427871,19:01:36 - 2019/06/16,2019-06-16,0,0
6829,0,0,0,0,6.24680061016892,0,0,921.095123835144,96.6453807719241,20:01:37 - 2019/06/16,2019-06-16,0,0
6830,0,0,0,0,9.21193833807547,0,0,921.980144054521,89.7593296048686,21:01:37 - 2019/06/16,2019-06-16,0,0
6831,0,0,0,0,14.2229631048583,0,0,923.122237064007,87.6498782446709,22:01:37 - 2019/06/16,2019-06-16,0,0
